flow_duration,total_fwd_pkts,total_bwd_pkts,fwd_pkt_len_max,fwd_pkt_len_min,fwd_pkt_len_mean,bwd_pkt_len_max,bwd_pkt_len_min,bwd_pkt_len_mean,flow_byts_s,flow_pkts_s,flow_iat_mean,flow_iat_max,pkt_len_mean,pkt_len_std,ack_flag_cnt,syn_flag_cnt,label
950719.2349792751,72,61,911.401230601871,17.833310114143647,115.9809360216822,710.5033822701661,13.348344445560873,148.578781620675,65123.7584475904,56.505937869197545,7222.767734945579,93855.88537448486,40.59186203917089,496.1057796456088,0,1,BENIGN
716.5598589195434,890,49,806.1710039772481,15.994438868610219,75.46590404234772,1461.6830575085303,9.31085361721217,108.8608902449438,61876.76233237542,7650.474901360721,9832.476549209814,46681.62169586551,693.5547091196037,340.15376929388987,0,0,DDoS
942207.5355092842,14,9,63.31072824151272,9.235753024885959,223.1793541797689,1037.564737485169,24.399866311304837,673.2281329194849,17419.12888542643,391.12150151248346,1830.5385170027428,75538.58741766207,363.11846461334596,103.9708314340944,1,1,BENIGN
842300.546117539,44,34,616.919344562649,37.066354631751764,592.7267168508798,516.7495224565196,22.817758976215977,435.834037619626,96121.08523249997,844.5493952932836,7475.727900272434,53973.81631758408,485.93088590452464,482.627653632069,1,1,BENIGN
296343.878353512,45,65,62.82915384214314,16.936059228254784,340.109953813433,468.4927350883357,0.5631929086033782,191.12022710749193,71163.06107959013,790.1965229771525,6063.540148062304,92630.82484254976,534.8185393814778,457.4798377718904,0,1,BENIGN
95500.57547876227,23,62,514.7676501590506,29.18424713352256,524.543678229962,1335.3306041614367,18.888597006477973,130.8916269131093,71353.1542435772,760.8089701120358,5617.159203719268,77099.00832365656,415.28465323693695,261.36641469099703,0,1,BENIGN
107980.63785060513,63,96,969.1592004451194,12.574239243053068,426.51372528517413,1365.0470519320959,9.971689165954999,351.8910215070786,75579.55874045056,228.8752856750733,779.029299189642,28982.247776847664,162.52817831304336,464.84882617128653,0,1,BENIGN
87147.34441286989,280,44,648.1045238907346,35.33121035675473,286.5022159640082,218.24841386298309,14.251913523078997,729.189615574773,27286.01171352507,12954.507030586165,15.198566183205031,35263.35994485356,271.6337562001021,82.32792657147087,0,0,DDoS
692466.7892869813,44,24,1416.6481677122779,12.92811728083021,434.2808725249582,1066.4076799869597,14.54518409517176,778.5543828679301,96248.48476471691,251.8571175957816,4977.51257386493,30094.822198578797,256.47877572687537,18.443473677266397,0,1,BENIGN
51573.60337486435,96,97,966.1529632639911,27.22821806219067,443.5102833210237,693.7634202767138,22.11572356285312,490.4495101483391,8177.247300638253,369.71749061579834,2429.1777833914844,80315.94424042579,397.4284821789892,491.7115704474215,1,0,BENIGN
1596730.5809441053,47,59,312.31702518378717,1.6310056621905566,489.0786368230638,1029.2439682897325,0.6635131571142461,429.19072430745354,22726.927942274,645.2082731304089,1751.9206257598646,69096.86443286556,333.9188631884084,468.36499436836726,0,0,Brute Force
209150.7135756399,2,94,1055.84522304382,9.142000871891987,172.9657445929115,1473.965781260976,20.66543565084057,238.23017287111085,99625.74460581664,965.4228093536648,558.7351601534905,88264.80795550208,183.41740233944833,139.43567629609095,0,1,PortScan
887097.7156226907,33,74,1282.3555352005685,37.4253997688379,636.8588948465971,1016.7228518827737,23.227464857458187,322.93490258692475,94019.33090153207,973.6664703716418,2846.3705376272824,30543.3323958359,613.5996790882983,224.21207149312366,1,0,Infiltration
18173.556079159316,14,21,301.0811554631401,14.658751383314396,605.5695975229874,1092.5722894081086,12.322431674095569,452.33057522172345,50930.526276192126,636.3689849240768,2512.1135678697856,58991.18604757878,783.9585722890068,243.37107647972755,1,0,BENIGN
350143.39985390624,97,28,1016.6291271081254,34.56670260287612,214.940803863582,768.8223346317384,22.880167968367324,624.1010508727949,4456.016798267931,994.5510557462613,4704.74569476952,27963.238576257892,711.4554569223568,373.85938694870697,0,1,BENIGN
552809.6903388064,95,99,1471.2841122254267,3.0138502402451284,272.3297346582582,318.7301054795052,10.738994275606274,408.8127044499999,37331.41802269553,394.75199766279127,8443.689275855852,93002.38331273508,93.51625944565336,104.45935880768009,0,1,BENIGN
254238.23270483178,2,90,1121.5221819211386,27.88062963981072,573.8879038302031,564.8570807808426,11.743673770579734,655.1144781636704,81030.32812845016,867.0856113482457,9133.273120039148,51139.12646210517,421.1523839622717,399.1475894833876,0,1,BENIGN
795813.0901691575,1,87,80.32048693560887,23.154595820302347,373.2403334937461,1021.1581575309912,13.126106698989277,157.8316287130856,98185.90474222205,838.9496087191565,860.5442136933636,25032.633537981248,69.51439816636163,151.6327573366114,0,1,PortScan
770016.553743301,5,68,1269.3536895174927,7.775201359794921,352.6289678430757,1061.287827720103,5.534123696712054,140.88652090465706,96956.73302470449,714.6236446695341,420.26449251107914,39888.101935465005,369.475760561364,372.0213214995577,1,0,BENIGN
80964.87932053595,9,12,637.071298844834,6.931772802833831,158.8921524300254,405.3546313203092,21.969066588244818,583.0929012520473,66053.71793410135,280.00590355624826,9549.104153825308,73792.3127004099,461.3090799086645,305.8603731171761,0,0,BENIGN
356037.08138339646,86,57,539.1443134059464,3.6719626325376753,111.55931108410569,494.6634317112895,39.18042114486034,173.25100511589727,1814.3940729918486,763.3880865616105,8071.060640737287,34636.96906572919,393.15209783410467,324.88684132138167,1,1,BENIGN
886691.7192593177,52,145,62.344628823961735,37.33745232317932,420.790311775597,827.4910746640912,27.358550775925643,508.0468849363345,94394.77129561963,944.2571719654549,8673.317346214488,63643.995708626666,973.0821959379357,338.5841711914909,1,1,Web Attack
811223.0563183294,43,12,603.7098511891304,38.44762255295657,728.0664878866085,325.8550567923728,2.774452035006618,116.59128104684426,1920.3603825898178,94.53351645985279,6833.237666429405,7128.152959538296,282.4214790232586,422.43765548472726,1,1,BENIGN
563853.1785918452,43,58,1057.2362614316598,25.15771387119536,706.8787302805603,1113.2037239536733,32.13923721539394,254.34627515419294,17826.210423594308,750.6396901656942,8070.279045279967,99050.60914864732,353.58943445268415,186.00904289639158,0,1,Brute Force
561910.5054745593,12,105,1136.2717589755862,30.181714963387293,118.37414031530878,1357.7272437521674,20.210094897914285,668.1076742418836,32072.955142958115,895.5336761733508,3898.1247705542896,1093.6567715150331,1092.1354531179607,45.64333839306678,1,1,Infiltration
950612.0862228624,83,66,694.7304620883468,11.728430867922581,289.78505448113617,1021.8769458724761,30.0949811775072,641.6000732316448,78982.85246517594,91.29698243838548,4949.258843978789,5765.3004140642615,686.4629258490585,220.76525068668852,1,0,Web Attack
117155.3097259631,76,9,1151.8055223075094,24.728722532650444,116.85323385332059,162.79593692789626,28.038765258364798,95.29988483678707,82203.81992310658,706.2716029337805,822.6743186125786,8492.92303137834,789.8460796608933,187.13539787806016,0,1,BENIGN
1894507.7050522405,48,45,1139.9321504780548,15.050383421236631,103.46054469098826,1174.6344972540578,22.3361699894322,362.40872702770196,90644.80307096413,111.28636255792071,4931.3247918656825,1145.2509402942326,396.182087915536,28.151637840918674,1,1,Brute Force
1488474.4715552072,23,77,386.7594480870061,16.00891571488099,403.06331706897305,161.02132967229716,21.13480485188837,371.61523202098255,80230.71397777073,977.9028786873954,5564.49033603942,32275.41196387559,72.9845953066113,462.321665111798,1,0,Brute Force
969305.6053655371,18,47,958.9220116774833,27.829947559384685,385.45120922350765,956.2347969227326,23.37257247692401,724.8800879731516,4640.093396111642,281.0350932732711,9504.610725924822,89027.47575125273,386.2991321171418,310.06629890076834,1,1,BENIGN
463752.03509948816,58,60,892.1379233022732,3.1093854785993935,780.5400538262866,1479.8676869402202,27.926468560789807,447.4332384215315,31021.808867004143,813.813640204978,6850.464413813254,16270.06776509568,732.3046602153203,411.2686214615845,1,0,BENIGN
613453.8544161962,2,10,1401.7835856968593,34.642555580016335,74.36618928070395,78.49578276598793,15.058534675121983,656.020531394193,98728.88531856296,150.50184941441782,594.536584636783,38095.276754535844,777.1349423390984,421.0594615678543,0,1,PortScan
133938.73358875312,21,55,1302.4946693323777,32.516040365203104,799.7854316974592,1495.0897821279018,22.217268224105098,624.430435537188,94482.09641525456,849.6624259383437,2481.0075364145446,45059.90808965625,138.1611555151362,477.02551362936117,0,1,BENIGN
671733.5143374162,32,34,562.9175683279472,4.542303687985161,550.3956286505277,799.6492433195382,30.892735669425573,435.32426084511496,85232.93188182215,551.9516480906082,5613.770335638509,87666.59372980792,346.6469783214217,67.00761422532037,0,0,BENIGN
620347.5203983294,1,75,350.92767580300966,5.4548590234707905,51.05394590759026,551.8578358576316,23.596707474185322,338.10547427579655,43803.74471017053,904.1682786242991,348.90721155627705,51403.80902108948,635.5762896832688,198.2713911606351,0,1,PortScan
79649.21284963099,100,56,1269.453465927316,30.7567096526159,90.33934316741805,106.9574489507641,24.83222737688365,304.0341902513148,20992.166028743566,11593.839389565823,3422.2164724608847,53730.96903723987,389.69056082751473,292.38305297457686,0,1,DDoS
18014.92656220636,40,56,641.025372961991,34.972704194176686,431.57940169680023,1460.7411099343524,24.077415821638407,210.12529008880364,82196.88462076048,6902.962391192091,3482.7159526820083,3190.1501017016617,457.02363499763055,267.2117518662615,1,1,DDoS
128835.52345981394,90,95,509.5108364328423,3.6916234491498434,405.6704994827828,1044.1656869602812,20.46628054189045,159.3030388643072,37790.86792768305,2.6947648812081955,8684.328059285512,8460.855597991387,740.8970137711908,493.1284979334076,1,0,Infiltration
236192.9214640926,28,137,815.6480008013597,28.820642455658593,87.37943550854351,255.69907418309097,5.32467714349913,562.2457841065317,84459.6231960995,749.6412703853865,314.41680580860566,86722.82595766158,463.727204704163,198.58191625204125,1,0,Web Attack
182365.65008811047,2,57,1267.4365793817794,3.5681731484822476,446.85502865179785,380.49596086270975,13.71707457113041,400.21715548722267,35574.919897602544,648.8579580075468,480.102519652496,58424.10647656979,599.9850813001337,278.8711329752187,1,1,PortScan
283847.5282081446,6,52,983.0391723441378,22.831132186756477,310.6335116823631,1480.3122632377504,24.230992774275485,220.2923617193558,10268.069014778333,152.9438532704136,2467.1177065612364,16076.530512222971,181.79093827899237,142.54758434692354,0,1,BENIGN
80325.72228707605,31,90,1057.5637350549755,39.890221390735775,721.4237998602558,880.9576899962635,36.695824523421265,44.02800486218012,97509.20957821974,490.7997043808586,7231.732005251539,82087.93870060373,879.0412887536712,267.51836602245527,1,0,Infiltration
410314.1047868883,42,68,661.1372003799685,20.3044151473782,224.23139663546098,207.66176411923715,24.424801697665302,259.3592204625944,58165.698320118965,154.4472790026749,4816.589617529627,53263.61736083307,79.38588798504445,168.3021390969603,1,0,Brute Force
201810.28928400282,40,2,168.28744241427896,5.552990937680815,42.060283554890546,210.37625364685474,18.92664804207569,500.63742960243735,79449.5160516496,106.7885801884247,8508.767325564382,74599.99280961632,350.4739026312968,466.4690335499773,0,0,BENIGN
379290.662105304,1,40,1093.5309640968646,1.9237857585635076,633.9510061310754,1248.7936952791383,30.02007699061254,647.6482194988318,82530.75440161044,186.48634628946527,2364.5605431893478,63379.518786380526,729.9782591515121,158.0982911482473,1,0,BENIGN
45200.34064389094,140,32,715.5124870776255,12.055114966565682,608.1831289339508,773.9717695350196,9.288507805872692,723.676675688672,38450.73301518382,10871.970116557546,9065.656388535825,62427.55721144007,128.8425109383567,469.91606180673756,0,0,DDoS
139358.14545612092,15,29,763.3184945497899,29.65843644556182,475.5946454356154,1496.6312192488112,30.096124801552907,577.3051505450288,77879.33671117004,143.21367274991476,2053.400485762938,71409.26758153918,415.4259302194556,377.3176459300583,1,1,BENIGN
378883.68340036,88,52,620.0394442181362,31.891814631182143,153.93724478506806,374.7070370396566,28.89010273572265,587.2277677750166,64150.6485252412,693.9790496226533,5431.817189042486,25187.387900106205,302.7289550629788,90.79885840071283,1,1,BENIGN
400911.33162196353,47,90,1423.0336758332503,6.134056124643208,485.5346723327659,778.5974711713203,24.458169417385914,53.76373970383879,87225.17850352073,932.1250706553641,5655.680504056198,69668.11587945046,741.0995296947448,353.6193171566993,1,0,BENIGN
606754.3748782176,51,29,192.20057043564188,33.61758527921692,732.121510674342,219.30374149477134,9.436241383803248,165.79558787914021,18713.455861462655,837.5070399235918,3328.14266242284,31151.31196192366,212.8206718666056,303.94719689712934,0,0,BENIGN
205659.25039479992,2,26,526.9087906690705,15.926747743637733,448.4206582328214,1382.9891999626302,13.85383977463845,303.684433441133,73776.37468616386,452.2727190957182,225.38021811704198,45249.427218108016,147.0513354886479,88.19349325311165,0,1,PortScan
311542.02381564415,29,63,445.27727203895046,8.803888563243882,201.63739609933197,792.1535763139464,39.02165262731025,388.8316308929299,55774.80635211578,860.6459546889449,5355.34649214725,18454.44251317142,267.6928929425226,154.96846313430547,1,0,BENIGN
799802.043872062,62,32,723.6184695244139,24.999039482042093,327.07172005452867,1261.384627406806,23.498144169362973,263.4739562079384,71434.51405900384,527.6949653717713,5349.214353659897,48113.983959274716,417.72908110414926,382.6781405331203,1,0,BENIGN
75595.81346750884,3,32,437.5607078916372,35.89721639275537,440.19963466106327,1209.0946663697366,39.157257424638445,678.2395331869936,86712.6766251512,408.04369691530826,5521.708726640804,25396.317518689997,189.04595576702414,252.7539395530169,1,1,BENIGN
569486.573411724,51,97,852.8135137837145,28.832523852420266,652.0393751920078,1483.5440216549464,24.127896087079183,653.2061132115654,96268.66692363199,944.4152846047157,1419.4076692893586,40645.16690426946,286.2324464411677,43.46250747517466,1,0,BENIGN
848143.2826573368,1,36,978.6713228768098,28.157845405540378,732.074242690631,952.1514557231466,13.434634285993404,667.0815718812214,36369.615298289544,34.32468800944707,830.8238520586846,34525.76256667874,628.1142376330187,181.37894733297273,0,1,PortScan
763629.4335803449,24,131,1307.9632448109528,19.497247929980546,719.8596924395094,1207.78867368308,17.008540178769337,57.076674323289225,26940.868202556114,541.6800512394009,6338.447416063212,25796.189666465896,218.86592444301954,417.46511839964955,1,1,Web Attack
171762.11791971867,87,37,66.85038775930143,36.57195226241996,129.49082299650726,881.7140542508102,10.96220882748824,461.175281912003,65176.89679635123,829.7588295268309,2072.148504888426,1109.472907561463,144.03307885229353,450.00932092405253,1,0,BENIGN
600556.80874761,53,71,877.009792141925,33.524278527131834,347.3299411772585,1165.530610513835,16.881442382027494,308.9422461865496,95866.85501359073,184.4524835868953,912.4662361703026,77100.8826942925,91.8697760691096,418.5394953515147,0,1,BENIGN
721560.7078357934,99,104,735.0335872106855,26.546846614505924,751.9906018868161,1109.5552619269654,8.597615143630271,63.69918264657635,26300.178025552526,595.1184229071848,523.743876707661,49641.661057651625,740.4008477652537,167.1219454084804,1,1,Infiltration
75230.26795763518,17,1,763.4173216610498,27.53609585710944,370.46877733884713,399.74696852909597,32.764092706967986,647.5560680164242,69500.17743835723,272.21792271623974,5906.40436202218,36103.77995503328,109.60237572824195,458.65678773112137,0,0,BENIGN
446061.17238065996,47,62,831.1753831724029,34.91783343505633,596.4909136712665,1217.5792758777166,26.351334668428695,566.1301890335678,84934.6455913754,249.7430420583,4899.355386794973,22128.732087542026,1185.9415291161777,472.02966984330664,1,1,Web Attack
925255.7925839243,1,26,869.200036606839,36.619531903521676,65.79894372520712,1058.2335901803863,11.89396029490203,742.5411084861631,97108.71869202024,944.2720624645226,474.7400024408064,86205.64467242145,681.8575428866535,159.55023662162782,1,1,PortScan
36476.07797323602,600,45,152.35167437864538,27.85155103512559,298.3049724637303,1098.1594864319918,2.614253631957695,279.6206567512638,53995.18010829619,15814.881850449592,3194.3375042913785,62592.878729936536,713.3430886595022,307.9315940911523,1,1,DDoS
870111.8640135397,30,13,812.2482156797295,37.56270794051585,647.0752591879857,1496.9838013786728,14.028472618068406,623.0630995876564,40252.898269563295,479.9276327418785,6278.779577551517,87368.97464749201,787.9034365914642,384.1367069322591,0,0,BENIGN
737608.5433587326,94,49,201.2922051718362,14.18488630563106,258.3016336571021,472.60985586574554,9.344310041996398,71.99082412363504,1885.6060798680396,987.723617497058,4283.453606021265,38438.82144949657,556.5319348467331,109.12694393253209,1,0,BENIGN
89502.06121202829,2,39,1323.5127290407604,37.78928089165641,395.225148549901,935.5806282476333,6.681357843683009,793.2881558641021,23244.002968205994,942.7375009577122,649.9970023433762,60777.602119937124,429.6432683725465,115.33490585887934,1,1,PortScan
957274.5359570273,6,5,124.4503077825587,38.764105205632454,711.6772725722035,1394.518333465011,39.79631290585741,172.16038940681034,39684.57768837561,758.262651856521,6963.2459743573845,15398.051674922108,660.0331749928695,112.22028591833033,1,0,BENIGN
592980.6408482189,14,98,707.8508627496127,15.64679064321519,247.44912489079937,735.9481693623378,1.7750665413294708,687.667085343726,3638.6946050126526,329.118460233334,9316.57898830671,73523.91332580004,253.85713003892036,126.32454698044255,1,1,BENIGN
4887.870331500578,180,70,1444.6980799843927,4.3787544021781555,719.8047475357313,1487.5539893117702,2.460681049569402,711.0087645444705,51656.2941423173,18130.46136145271,5717.476229776546,66214.5798905554,453.27197007802346,432.24644015367426,0,1,DDoS
868173.9879711418,92,97,269.7173631656879,6.416004213202884,293.8467478463808,388.4874456994856,37.203614020389544,120.43391130972384,69929.1747301548,189.30261763102737,8817.554956375798,96131.91566560889,393.75720666518754,439.53574011406585,1,1,BENIGN
457404.59801754204,38,31,41.63536276095985,22.24726940159028,615.0432108765503,417.6849628189456,7.7253145834917225,103.91465059566833,32710.714292678967,559.8883278775986,1167.280129234774,37675.76924506001,46.89502753607097,409.33971024992087,1,1,Brute Force
541312.4520182427,1,98,539.1333624164818,25.304875725357924,748.3413601876133,189.66420286639172,37.48913948945805,562.7931489486182,6876.922204606673,301.03347059012157,708.4639165566364,6744.386640862482,482.4495497339677,172.94152847647837,1,1,PortScan
990149.357913372,47,79,691.0991282350693,25.902945736076305,491.74085301369445,600.0739001922078,2.625045782960518,664.3498400296552,37246.16957094859,818.803764792758,2532.5624093869383,112.93768976488332,241.18964293550246,234.2697083842922,1,0,Infiltration
854224.3534841199,15,29,1052.7760496409733,8.830784511550416,102.60959466804044,1033.528981029081,26.18044857124541,247.67724051863908,95091.269868816,151.14278599172212,4329.024662415593,94362.15585755822,358.99276086385294,319.26297383204275,1,0,BENIGN
983979.2501950322,1,58,1345.3848373715362,9.198184235643447,201.9595750590633,85.45576101138658,26.066673015035402,320.0800212300585,86449.38915897974,473.262585700888,9682.25234486807,18560.696315155084,700.1536076462642,388.2984263958709,0,0,BENIGN
1522095.7770878093,41,93,231.61752141628585,1.3010471796500767,739.844364339922,940.3094592002775,31.861491639047053,405.95698714953807,11819.088077343209,125.27327362333017,6858.797219417424,43036.28643099727,192.3987922922559,245.79727337071844,0,1,Brute Force
590304.9124917339,72,11,1477.1530548082399,5.983225706702631,393.0949334432157,1033.466674484615,15.821803355198746,780.7718874217243,72216.57402990082,657.0181591787366,7573.022083436121,95265.33731749131,729.9421762683265,362.14265406320595,0,1,BENIGN
102882.12525221643,46,32,66.8167499331884,19.29425526206366,199.86568073834013,545.1841887614657,31.032189431718244,755.3405032166138,7334.385587419516,534.2887817558475,8826.509523337803,8260.028358697724,666.6306756415937,178.90067546413567,0,1,BENIGN
200939.00395330795,15,148,100.12790310773664,26.81541833417649,763.1779805100485,221.36115142296666,35.848852107401534,492.0302444064714,61698.79772806115,612.9828804481194,2995.3705045097654,93520.82951179297,1139.979527399384,312.6523301069739,1,1,Web Attack
48445.000772928324,750,84,847.3821207842593,23.899034505277204,635.712740598335,742.1195939155178,1.6301642436989106,164.63960555201788,43916.860927304886,14497.081544361417,5936.853696618686,65032.91564548665,404.25198571797836,307.8710109711214,0,0,DDoS
744304.6376883961,93,53,1001.7133522312791,19.92782865812556,462.07629871259974,1090.0345962775052,9.138189653251949,797.2137762031239,97481.83689846363,650.3606537783022,2003.4290847821599,68026.02196070482,94.87079082417364,15.326251102903033,0,0,BENIGN
868285.6781578397,31,58,1124.3515209519724,17.019733377923014,302.9105943356918,581.71659395752,39.505982549442315,70.48298547348668,86716.44646263261,578.7175410315361,4391.768037704009,72528.5134649095,409.8683954827742,436.71161904083027,1,1,BENIGN
276900.1144553281,58,12,600.4168417269825,18.63251228080994,675.3585284737192,384.2564571804464,31.04000828141718,348.035739145165,60225.35282783465,632.5772791729835,3734.757885517455,51266.39436852846,353.90369273224974,34.56639309330972,0,1,BENIGN
405080.29700041347,14,89,1007.4270673521477,3.8104603181850516,535.6136666031327,495.7361627768127,15.961837845484443,692.0695529812564,1002.1373725420701,588.4537920772714,5991.152661200074,39672.01103659276,220.1411714023355,117.33701913077554,1,0,BENIGN
330956.274052873,93,10,1017.3099861306675,5.830262729790068,381.56971476244064,898.311181821165,37.94333419405735,231.92111437731864,35989.14971683293,379.4206540634315,6059.326194872379,35679.637983469765,445.46906322776863,390.8951649225147,1,1,BENIGN
864229.7560564015,6,61,89.91413827117094,39.46771921428646,133.4578144825163,377.45113214436407,2.0678734896610784,526.4022547960544,22547.64757957073,180.0924364289762,894.6702863901814,10339.862622830326,484.3497323363674,344.1039329332977,1,0,BENIGN
685999.1392093858,98,89,973.1151092106305,34.716731780800885,385.6022902817329,792.7702017257053,19.55386321027681,546.8168357350394,14051.160350155658,30.070592513690684,3086.2201164959974,70471.0294660373,193.40862361344077,336.71621666245863,1,0,BENIGN
672634.8580133037,96,5,1446.4863759177827,10.212260989137274,542.8405862820715,1468.8016796047743,14.971870685591707,53.3121530551673,24490.314313195187,830.8941036225713,8647.442271190817,76854.25125873389,125.9634624981955,397.75518584820156,1,0,BENIGN
94088.12688024312,140,53,1013.7784148067246,23.087409468469925,304.9159871038976,272.55967005449554,24.198156907621634,281.7647807497708,86657.22288601178,19866.752073297852,7526.75334852957,9057.264711752205,259.40105260328494,54.55481588287486,1,0,DDoS
925682.2633976237,1,70,1356.0084483991286,35.1156463616531,281.068744741703,1308.5949132892338,15.026890075269058,265.6206486658134,64942.55841355987,328.44838976229255,630.5785395808151,60987.082231814464,468.2135847848287,190.20985211639885,0,1,PortScan
373314.46645017713,44,90,897.1100932436804,6.737775405708786,528.357736399864,1148.6427187673844,20.01781236522966,452.1963853846011,95152.70811063252,847.182644636437,9143.222794355184,81378.49116907545,122.77793980351589,74.49592798509735,1,0,BENIGN
476747.80549365503,43,48,842.1447881084619,29.87502864543291,583.7730893954486,801.0018334285882,32.895736752682325,367.4551895689053,89681.75755502822,71.37314202815838,9547.053700032742,65472.7612123205,328.856626792276,98.57706328643867,0,1,BENIGN
166414.97458236784,68,52,1018.3402105319749,37.18423509687957,444.5177621376705,888.1607977636847,3.5850535661976846,585.4031972905584,40050.5301597352,976.7275661387126,8233.508415800647,52252.87924120667,133.6492171708462,429.70789664029456,0,0,BENIGN
295348.761391388,42,61,414.58166420399107,38.517075009503195,407.4946915071428,1216.749122671731,22.00906168625047,72.99352496966256,63351.82242184283,951.4082018724364,6020.102083261849,81920.69405408476,711.9969121447899,114.03988597446624,0,0,BENIGN
41108.73669597241,420,72,1164.1192623674513,22.265482317468688,234.29019833504694,481.0083326788008,29.27832270342538,686.8924382481058,67175.32448610838,16190.980455417299,7668.894790652056,14978.899756016202,362.1980578141095,76.49190041428133,0,0,DDoS
472944.67643661884,21,131,300.5311092325473,12.49087144195184,214.98708800518116,341.03180019690257,25.518431732638803,235.23172421074327,63238.34705343981,58.54876864714305,1426.3261913357476,27461.27999747254,740.6334852610885,337.920622543688,1,1,Infiltration
724544.3997134783,75,24,227.45566260302283,4.1643859753666534,590.4975010178433,884.4448988293573,10.966426662392234,100.35872043162982,8657.25913468341,894.2014555766518,1926.7545739402417,32343.92249593092,212.25886569251088,177.49815291596866,1,0,BENIGN
67705.80233585568,5,44,381.2196395892322,21.600476584180424,708.8601065467083,990.2809588089035,21.318311462053412,286.49365236768546,33366.89111451397,669.5200065026703,9941.452218599463,66187.30059303937,463.9153972012189,365.325255119623,1,1,BENIGN
562340.586196322,36,69,295.94229584218306,27.60019563282663,192.70960338088292,822.3084193306986,3.867057985868785,382.28191155622073,75640.71655663509,347.63676708655817,6652.468127627308,79547.04157936502,744.655142804384,117.32104092772677,1,0,BENIGN
992484.2538081594,65,30,800.5986468171816,24.94342752011039,107.73456840817263,1142.6948139253395,5.108539345409393,667.8113989919216,78224.60595827155,708.7738232732022,371.2422014423735,30319.804310973406,239.9655531322406,180.06820373575954,0,1,BENIGN
553846.860488305,75,117,619.5930149284538,17.888101620193424,496.45169335406916,792.8919644368867,36.775678928576696,417.69224700843097,99216.58568084893,851.4398152493212,2093.0200384297846,93060.21551224518,192.65769358944272,408.7248542455958,1,1,Web Attack
868069.8844384396,6,117,1193.4444370083097,12.187165563921631,101.49865511895166,628.3510609971357,6.940980599460347,568.1628275658709,34675.362681124774,975.612639839829,6413.311052679866,82249.83155779976,211.0781269257072,431.0072411363113,1,0,Infiltration
606292.3124572024,54,52,773.746471636626,15.946521110892524,151.24423404330932,576.600256545636,2.7268923754197427,59.61704928161011,13603.112286566793,963.1188000780149,5499.800063591219,96582.55789371046,368.6983875309003,155.9080665426298,1,1,BENIGN
105754.11779331774,6,32,355.41574646401546,24.78351819591318,534.1528302225965,261.9562855678262,2.4539850844267264,633.3788054120142,46034.062334555085,58.257979125925246,9948.714508525974,5787.4782940267,568.2267739325005,491.8394626317068,0,0,BENIGN
121472.80092848666,62,7,1050.5555588734326,2.4916719252025077,427.1608173938402,1495.177406625346,32.558810780240755,507.56677305556826,30694.736716582505,623.9334467080093,5275.1442244774,42614.077555198244,139.3398863225516,443.30210762023336,1,1,BENIGN
367822.5749422019,92,86,1248.2053275276364,29.344575222456083,624.6717191674182,56.10564606582493,16.64615992719046,405.82155524284593,2017.3084546233629,259.88722742415973,7605.295332990128,13719.599475842615,446.83569990396967,107.60093600861876,0,1,BENIGN
975876.1675345628,82,45,102.2444855590678,14.85634270600563,242.04686385727825,983.2915802552618,19.97335339914473,242.17465128408935,15008.854017222595,127.28704271118083,8647.957317482773,24355.362060802676,535.300092412336,405.34296399313314,0,1,BENIGN
392454.48215632164,42,63,234.39170610002154,4.085981186301524,540.606031117657,1416.5334664633622,32.35533846545312,98.07681317291909,28008.834622078168,930.3258529493398,2538.0537436798377,78119.23067445405,1000.6507033587222,247.7260517304909,1,0,Infiltration
227041.9978959276,17,60,697.9046988254465,35.29837761824399,120.32704472876831,1482.8818956601917,17.73092349774473,76.35142349952015,3898.382638921746,746.2326367560904,6593.764986694771,80215.03450717748,120.07932580413252,17.785433517774173,1,0,BENIGN
462000.7419772887,11,52,1170.9941555245255,26.454824442816577,180.74863157927564,294.1996295877632,3.9358259885358926,541.830066973017,76460.82895595142,265.11992368217153,219.24016069881898,8226.34503096797,775.5736264822232,147.72238873871012,1,1,BENIGN
38200.14456889306,500,67,217.2241705127334,24.600518721554664,628.7216732847189,980.1002101700508,21.21208532996633,71.88292980804356,96852.02888167894,15974.686404708182,2935.292146642638,97997.23323259148,497.4300081236048,291.21132910362326,0,1,DDoS
1313025.918941539,22,10,533.8705587519677,37.12334561304199,210.70786500132746,583.3638548027694,17.28307531776784,373.9477921677837,61332.6642912031,943.0815301609331,2414.5201912067246,12158.922616328797,190.07757229355235,443.46245010463474,1,0,Brute Force
31699.078509721046,390,12,1381.6327391137495,10.089640806934463,613.8318658471715,712.3876660202444,33.67994211560246,593.652914642826,77667.0999053225,13123.92442994607,1782.5134070023717,54507.241620504865,788.3490020386263,468.69403324855944,0,0,DDoS
131815.60057721645,79,52,1233.9665815911399,8.540454652426877,424.44804664339006,1267.426420896352,29.312061790650024,452.1002761738047,59075.73427683141,508.40971086158834,2982.5090286750174,56506.54906597302,563.5528295580689,436.66145793040386,0,0,BENIGN
160155.62779107754,1,16,1225.1582366239363,29.6684824605172,709.9025925530162,445.737061983347,7.758154690710994,708.6605293158734,65790.2752465245,310.9978371145534,742.6057025219367,81513.68726419199,507.3834626592606,343.94205493995753,1,1,PortScan
5329.090581558446,90,58,91.55457821274905,29.829351309249287,193.88522572558043,1438.787280974295,14.71763005208338,288.4680284169401,14973.916228211223,305.6736550686659,8767.741110663723,99633.47041934846,319.91524318520476,224.30531547727128,1,1,BENIGN
593085.0297533654,37,135,42.744629946369535,7.134903372293193,62.09424906140484,283.65227206811153,7.252771197020209,334.6319320102996,40292.47975618694,874.2750443631768,5105.996027863263,72343.2425135725,178.7165880291277,112.71937773184692,1,1,Infiltration
486649.00247752876,30,82,919.1326403166223,0.9173124507216812,284.802083214181,969.2763505317649,5.959989445969738,568.5158927293205,74617.92836048608,981.9709935271006,2106.32152861553,82514.81545993486,435.4253984581771,186.7312980720867,1,0,BENIGN
235934.01338377272,1,92,1114.0681467892173,39.93390045571799,749.1661318211038,978.1451913213797,16.84992213176288,523.4947971782569,78586.59664621517,118.42435730429497,410.49498480659196,83981.83054070537,331.7130434691135,285.93613561359325,1,1,PortScan
979648.7503623801,3,77,1062.3678607890006,23.43240583887608,485.7241100634173,1058.5991161793097,37.18467691502737,634.7622742870168,5707.99673127938,852.7427470737236,2263.1578859580686,37697.64733198983,390.9169383454105,240.45300037653482,0,1,BENIGN
706048.4057632582,90,54,112.76936056309466,36.156533210414985,731.1365459263811,1179.1110726079494,0.28116815254476624,83.53299081899375,22599.847856622127,131.4362732040922,3994.3719367402573,92263.07957819809,598.1488949845781,6.701313216082805,1,1,Web Attack
36383.993851240804,7,35,442.3940144712603,31.48506410406416,780.8743361136451,581.9623570793975,17.155475154441543,682.0399715773763,26887.088107541786,156.4661662230076,8532.365337802468,4659.593638142149,510.97157455155593,280.9964237334034,0,1,BENIGN
771880.5404090032,70,15,71.86215929221467,26.551587447023564,772.1797700022984,857.8455478542892,37.472898481323675,79.71598825737806,41937.45257550872,260.23177518295495,7310.9014401574905,98129.8960788197,234.96284745762833,327.08730073703725,1,0,BENIGN
463986.09343966737,89,85,928.4498181368411,13.980254883472751,126.71279651482936,260.82036995300444,9.012677198049403,230.7346626186265,85076.54417832967,561.2666660036966,5238.675204629921,11485.739498203055,693.7061669455705,361.40715160424185,0,0,BENIGN
543583.8635209118,1,70,1276.5013430092974,17.14522187881903,147.12931691654464,1009.7143551779094,8.6436181274123,114.1475077818678,86212.4921495868,460.2162482619908,749.5344289830807,29065.850105037447,638.0973025374265,55.96796351076516,0,1,PortScan
786299.5715640947,64,32,417.58641893653663,6.588254137291836,290.9634493023381,1144.857198305407,20.775434380157492,195.70976835454155,87795.22480738888,879.593896766034,8707.078466209608,23887.233176040114,382.94190157755094,492.49482807043756,1,0,BENIGN
65298.070801366004,3,72,452.3491120823071,15.62913462454453,646.7415830504895,583.0216951586227,18.067872769267307,342.00985676884056,9431.45640033203,441.1280510349587,1964.136637714705,18680.46234434642,111.46743937004243,178.33548707088238,0,1,BENIGN
312417.86697532504,9,47,325.92758637690156,35.878317216941376,435.34479767118137,693.5002928675168,22.312807677168056,166.18607819630853,61385.96655005371,363.16442656034707,8972.891546236542,16893.732125701838,425.3588389377352,299.056314684509,0,1,BENIGN
732661.9711773627,48,4,1205.9461776788169,38.710235084135554,691.2241914170716,211.7602227126148,29.589213283421625,282.946792654814,98842.75734226644,485.41044726157116,1233.1146446058208,72521.30294725881,285.48851077352253,498.5390785408309,1,0,BENIGN
12991.346630682241,690,25,175.82451023163972,1.1745663640956927,665.4484191283294,346.2393036181748,15.161085048763896,779.8276163818916,33750.36613592422,5931.2026461037385,9182.897916231525,11083.73704744262,617.2826316871202,494.032783326387,1,0,DDoS
31412.938891323272,880,98,1236.1124531123332,35.19287655806781,439.33053353472656,396.73631354824056,4.517728336446942,106.25639555219169,71935.83699065018,8403.534319498805,9054.545144035925,73969.7333596691,185.35791761508588,306.8887094078495,0,1,DDoS
738095.3164261833,11,94,1469.4932095021256,25.365685531829474,135.9612035890221,1027.2192406301338,13.00416061726796,561.608669481434,7057.150701424333,174.96394903224177,8558.815216468805,22725.683906781254,676.1512551846345,139.63804422720523,0,0,BENIGN
51270.348766973846,380,15,350.4607895018003,1.3275741824970488,270.9992649429501,993.6176741756732,37.532192737939305,702.1154065199196,76629.87117587673,15769.369970379466,6653.199185725192,26036.08288802464,729.4682233364307,335.36615595291704,0,0,DDoS
447110.8382520448,38,14,1302.2628699030981,21.865928807511537,329.10441721751135,1466.1284796255627,4.428823733052627,361.1368055170779,4298.265049623388,739.9301303548536,9181.584756469514,28010.932581753437,692.3396743673319,146.10911523094887,0,0,BENIGN
804926.2861637545,1,45,1445.703121328078,29.06683968281293,271.6108324934613,1250.9162106939166,11.260847936597198,703.2929180702572,11346.781002152507,703.7156088630496,541.1577781682654,9662.481674842127,223.83930947671763,6.202018138657395,1,1,PortScan
148666.8978021752,33,78,1125.062070148141,1.925713439134138,726.2001963459103,1284.3052566111248,26.71218732905626,490.84839328161206,89241.01956415125,185.41164651076156,798.9019302863778,23958.621889254715,643.8794918121446,17.33513336324166,0,0,Brute Force
521493.5444746851,69,98,1253.8053310031364,23.95914032708842,127.34907776527079,177.03163584210006,36.3850727774637,548.5921998329396,82945.75125174387,878.9910023922391,5722.005796962739,51749.460711986576,550.6872477659289,158.47329389555964,1,1,Infiltration
601963.23867203,1,52,687.3348209936141,24.28358314875016,519.7937403499114,903.8778569672353,28.10535092342065,220.44943596485277,51285.14137682449,104.31438032806683,385.12681631716777,48771.830191440225,535.6904372545591,475.26552629310174,1,1,PortScan
269032.0499318884,38,56,1341.56082281032,0.1168413048544803,70.22213339131285,921.94464852398,36.29520658851388,221.531061905465,47017.21329060283,450.5202551276525,4734.983747494147,62255.744376017225,595.5078898093795,223.7340706612289,1,1,Web Attack
537053.7876025232,49,46,112.26540610075325,33.3326828589205,681.3827055849102,455.9657114352028,18.514078200634025,373.289251288451,21929.132451977617,396.85716740160785,453.43384398683577,27789.429057445624,660.6784533425457,142.28115088144878,0,1,BENIGN
879874.6910934239,55,41,83.31560567452013,27.016808301883568,74.08871169791217,697.8716477153756,37.17706777892456,165.55499389676612,39048.248058860256,729.8873228175936,8823.762975387528,67097.59104420336,236.2116731852886,337.3039264581081,0,0,BENIGN
954037.7242722821,1,8,1299.805534252122,0.08415372703533652,585.3548147960117,1251.1978330232655,1.622349501787257,702.4142727390553,25743.75340817358,665.3255727678575,800.5545241443833,66269.82466080495,110.1364419756755,298.16075943018416,1,1,PortScan
80271.99608049526,15,41,1414.9195389636307,26.742905868916562,555.7891670711492,568.4031866232829,23.746431648341538,47.699699861084966,63645.99503631327,913.2956188814791,6129.608948764743,87371.12236069984,590.2195221542313,60.27920820184512,1,0,BENIGN
534014.075800509,40,2,57.09165166711993,16.88137040510556,264.23093781715875,749.5607209445004,23.087995469382033,73.24169495479998,12388.029182862188,558.6865322107803,3438.241858194856,72920.0570200693,535.7416529298741,422.8021814949534,1,0,BENIGN
672999.325732193,73,53,1298.1440425807111,23.611421718126387,211.97212224281617,600.9898454005768,18.004934447277286,480.2424289036004,75959.16747268604,98.96373027887134,8897.623809845487,1240.8472045773983,321.239774352434,13.710154986328826,1,0,BENIGN
511730.2184428536,28,37,982.781144739594,1.7911380201867289,619.0491833006357,1422.1008736305776,13.590753086044716,433.10193010289225,37953.13677807556,6.809719265029548,3864.8862839222083,79174.10872354204,492.9515200594462,50.62995730757947,1,0,BENIGN
841739.1894085016,56,76,857.1451294633922,4.210367407880495,167.19339718535724,1459.156874485023,9.13946987019083,782.8636096726796,53238.07938177391,135.87546815923073,1002.0290055093925,20894.31842986694,743.4843708192552,207.0751121641134,0,1,BENIGN
147147.14438153172,30,42,1354.121447204062,4.645558408021024,766.4983100060426,498.3914073709351,35.53614689234725,498.2365861243908,82688.0652381746,984.0147618941432,2891.1703238092696,96113.93718590522,336.0062401258395,192.75595236846115,1,1,BENIGN
154229.62867416925,49,13,830.8890261186059,30.4760725041948,673.573971072565,683.0443714561391,12.093329974059749,237.09452196099178,19542.921286816705,57.74181744080498,3431.0553085587862,27032.06673615702,774.4772132584695,278.85441312502195,0,0,BENIGN
139282.78167556092,99,13,954.3021092747532,19.555913271698056,345.35188849728644,1491.0186477935592,35.21259048595708,513.7885282011745,56980.79838211005,620.6984137766016,2021.1079571461082,39519.822948999215,69.98924499708349,237.77301874341333,1,1,BENIGN
964032.4442807971,98,11,556.0526811983024,18.33865698277031,68.86598810028863,1128.9556563954375,21.972899176126962,83.88319942057207,68107.5137067525,466.8353990234648,354.26798165575,96961.07660754105,761.3252287479747,256.45120807359876,1,1,BENIGN
491981.9069957185,2,75,336.7057129856874,30.47192765510789,333.7707851855012,786.4621748130967,19.693019200047278,478.73206221717976,86571.15684789277,980.7412696490711,408.17662436524313,82753.61702140924,621.0411239375854,286.76447572778665,0,1,PortScan
59565.62171039405,45,131,974.6895348770507,11.937396494475067,222.6906154116077,495.3726568062495,10.241902604198172,63.400437741940365,97156.15093481982,220.82341390393645,7342.95732826717,76262.01350547059,1119.3534337282413,15.274728546689985,1,1,Web Attack
632580.8555548313,21,80,1236.9047952777023,13.33629288636442,597.1189042935949,811.7240401944077,31.73576057221391,792.8149849053013,20145.036638635745,994.6491766958419,907.2234212849123,241.73161500233846,73.56307149515176,170.89120236838085,0,0,BENIGN
5765.247948114314,8,5,1240.0128884722974,32.367326845561244,712.1624493815026,1062.0500382472724,4.176165189923258,343.3161429360295,72342.63369781649,280.4064273454418,6877.189577721013,2459.5998422825587,272.6643790684908,274.56516813858633,1,1,BENIGN
697786.5004458221,45,61,187.37415196718138,34.7577700911658,558.1289695085226,204.8801983215765,33.68297749594317,224.09572554667085,47878.16243110283,145.28199323337182,7103.99946365285,66688.77355721664,200.4454780862635,431.7003834285009,0,1,BENIGN
152414.356505589,55,27,72.15930498677281,23.330299698244623,680.0953672214004,841.511456184797,8.770958476955029,65.58857544254326,21541.344518554404,416.1798159282852,7598.518172710967,18792.406825252034,587.0415045495614,433.46673417594184,1,1,BENIGN
1109403.764600584,30,32,808.3665520937759,18.526908670053672,218.33661574964552,482.66332681312724,11.598804757744361,468.09958752489916,12083.373933086603,916.8000115332649,7209.344901378301,40150.54863501023,160.55434984004725,440.9960848608179,1,1,Brute Force
402506.3927699256,57,95,315.99770610219633,31.320665492669313,583.4294263265197,906.4892139448647,35.829069037046914,483.2825535379145,46750.10319636471,340.4367092311321,9405.080572304363,8280.718997820106,747.4744027662144,413.35732996550917,0,0,BENIGN
866561.326950912,68,82,1342.1333314236726,17.35269678306118,731.5567893293379,590.8843587862616,38.563136659604325,107.86003863943543,68733.22472367395,493.864659052883,3882.6115665019142,63274.8607560726,574.9313896420917,2.1816348251545437,0,0,BENIGN
666418.7750368486,2,24,1151.1151737661432,38.03090830925352,573.9307811664532,475.15622461358697,4.214596890034259,634.1861361421511,64450.507225444,48.2811937920569,360.6904154350774,95680.41355027378,420.3048707397529,216.36456800985232,0,1,PortScan
77080.35402020534,710,13,648.0964705796633,32.887195472656934,686.2644808511205,349.51131986004077,26.29413928680514,398.9341711638661,88027.65811835635,4316.382102170729,6781.353871097342,60779.13470404973,264.4291229545929,68.30045182558631,0,1,DDoS
315695.78102897364,2,21,1036.0030657148513,18.726165652041217,480.1731940847888,164.59835126711428,1.7202780746775792,546.8186620187005,82348.61203908971,782.037133399474,544.2619221383711,9995.683445406456,562.9137773153705,120.94444177707298,1,1,PortScan
124455.96216061017,10,35,759.5822932932721,16.171589890194763,443.5126355931913,908.8922453622951,0.3969528451134252,392.7123211846629,96353.57416467008,519.0803769015358,6778.647251914942,31193.26715310915,628.2334473960996,386.46074093805754,1,1,BENIGN
125637.6597411771,53,92,1164.4309891653602,32.2862214945953,131.35749413163796,427.75093611956487,0.7020945346651564,262.9145441932292,77336.87320447528,518.0087316598077,3487.474975751198,37180.212097683965,61.543133315633696,149.90026378261794,1,0,Web Attack
847076.1209012012,73,82,1351.8984828252653,31.32793653194504,633.0858539139451,708.6738081452144,15.920211718180113,270.2159539132264,6662.916409541141,228.3125399573497,2473.570313430466,48412.86620032306,912.0866235202311,236.9049141989733,1,1,Web Attack
942730.0466622028,5,106,1487.338736283762,21.779293312010516,771.7039461924367,150.38335930045614,14.627229930454853,211.28976368514202,19663.725105013575,140.8888685977868,6227.912279244307,78134.37235617303,719.2601753392112,73.48135479410483,1,1,Web Attack
38822.68895563829,280,75,419.46126969453593,13.80768833976842,737.2892407803125,464.13657828027374,18.799530726317464,716.5072644209711,70801.36289172599,1245.9401168417255,1481.5574123469137,794.0806612839626,519.5005605741642,223.83671270520915,1,0,DDoS
529706.7579732253,15,146,770.881213885873,27.184813309404312,97.941805659909,441.0675699699223,32.278619635359746,389.34530150602257,54703.05648902626,432.87272060924835,448.56042700362116,16583.32048421739,567.9174681657556,104.5927327039639,1,1,Web Attack
1962388.8198223987,41,50,1286.5259856888138,9.679085212681816,770.0765013900318,327.51152850200543,38.05719241447329,796.0626634141228,71201.10829403027,981.1456174186427,5699.702397875366,25961.582899777273,372.11687310587183,296.780467689393,0,1,Brute Force
14288.630390827602,29,59,558.3599424198591,27.93244628910291,340.3565039955773,1431.2293221568282,38.682107257041395,338.52326961510096,85436.76844345272,773.1117327932965,3106.8993723461754,23211.662491821586,388.25833429855373,390.6744203072031,1,1,BENIGN
855221.4643198681,2,9,1259.6954330295039,31.376834320136705,326.5090118639729,845.9058410962527,32.19012487958779,75.00311798436684,80827.12030734742,177.97033523661852,515.1689335043176,80829.4612011982,232.9040193990881,122.90371965307651,0,1,PortScan
11859.077333579175,90,54,620.8414732331491,36.78124098624199,794.8738117214526,105.57049653359915,30.44031693981568,322.5102904657809,39306.57280432506,15085.79093699376,9185.080057132633,95093.35016430981,478.6131653891238,178.5605796502514,1,0,DDoS
564117.6214306344,91,82,998.6813676134991,9.615956515740276,185.6106387584676,1380.6290665461381,4.072147317981476,424.52800987854806,22163.193018004593,39.026070329334885,369.82799473134963,17530.424992861677,698.7454694245602,141.23937198851334,0,1,BENIGN
436670.5283497892,51,21,794.3796424303509,30.351050150293005,254.6970101393677,555.4535717364415,35.76377210133003,759.3069499943082,89266.5669258988,419.50604915791786,7805.851375038748,47638.80997277687,418.1302876310377,102.34005452864197,0,1,BENIGN
331631.54259728704,46,28,968.6220044187537,14.57416953712928,264.38376989212804,1324.0649932630645,18.400095823231958,112.24031460484652,82692.00212582208,47.73649331076295,7270.2247494402845,77392.88311484881,307.97798050593224,412.3939281388934,1,0,BENIGN
45498.74114054568,23,69,612.06298639391,21.868020822270733,444.33647602803137,902.0293911411322,2.4532382257313046,315.2539536470335,72340.51456086716,200.6401950478756,2043.7479916881407,1018.9597628355825,372.4862642222394,441.367190336711,1,0,BENIGN
310153.5298889208,36,41,1278.7010534721662,16.905167880544365,270.2274882867262,514.9308956736254,28.504853323940512,660.7523945442834,18243.235378884605,371.00391405694944,9020.382565524009,80671.28503427698,788.4923860994817,377.12412984104037,0,1,BENIGN
661048.1528218956,59,31,1140.591362831059,0.8268547556761785,244.45493156671597,795.6905999206622,10.753869698113734,517.6098760384391,48238.5611795342,361.7740838340947,9492.594182436416,63219.62832365388,138.75544292363531,280.0458487216977,0,0,BENIGN
172172.02037232986,1,88,272.1765054607815,7.207830165125917,114.65859406370117,1213.1364383150042,4.881219772873946,135.09519542772767,85062.11431460768,344.66962403911486,31.827046403764378,5199.0109988459035,148.04953949496064,106.69667398784478,1,1,PortScan
701199.7446041007,76,97,675.5733633246448,21.972390859204157,277.10785544807806,744.4506135436266,20.26690595930983,334.3003260953529,90666.56384614906,16.160258794508046,7823.89091828155,12447.03929582002,969.2039910124074,307.95595783836063,1,0,Infiltration
559024.7360363641,29,83,1071.0420471265036,21.371622075747034,450.9582710211592,667.2100776210544,12.353376960293634,406.52091455166607,11937.38664096322,961.5171876491864,7146.963528629717,95247.1869976178,212.3128105707721,439.670510088264,0,1,BENIGN
62506.66831665973,20,22,1022.1463715449911,31.867255887654892,230.3556030822992,952.3161854262185,22.869839325749947,672.951086359086,90618.09734207793,245.11111600478137,6743.458991397339,5193.0615539817045,457.1325854587905,143.8163645218391,0,0,DDoS
621330.3198047052,97,5,1109.7406138618094,16.181095422954787,91.94843223556855,1184.2893700267966,11.43033298370824,368.9028284954396,68575.84393386796,332.52291153299717,575.290704905689,37398.36549081123,757.7809228476706,320.8671986492791,1,0,BENIGN
19907.223974554086,190,54,917.6099356115193,39.614471279934875,287.1929685026595,1414.2577744331034,36.589244598260144,48.72530140952716,45066.64099483362,19542.130452565365,1040.1824104566772,54782.99159138811,784.0077053512391,277.74771205293007,1,1,DDoS
204520.1298921519,49,76,148.10163815202807,24.219306768576185,432.76035373740024,1120.635598391736,25.2280188463514,457.7007640833751,69008.9070398873,144.02751938087363,5957.643015973455,17219.33917624954,743.3968779674294,34.1670524228021,0,1,BENIGN
45807.640944709194,990,66,430.4069606720103,0.6044273685790014,773.4116807853986,406.30384670900963,27.0410515221019,577.0387011078193,61039.74096624062,6259.5220694845375,2718.251575103017,59770.851587443285,698.2326815448855,473.3668644616978,1,0,DDoS
944741.7851572013,22,51,1329.1709842514688,8.105305365413727,486.5652620431454,1063.6638078495116,27.204475417878907,350.19528505869056,1637.9496799617168,582.9677641985827,2538.4843764042917,45030.922071827605,767.7615714637012,199.51765882121737,0,1,BENIGN
672493.2519752263,48,38,188.7639272744877,0.3327976890876805,369.5229224007869,175.2332052549961,29.935373987049253,735.0569845249048,43458.69517360501,258.78577099122543,4349.689156876032,72347.5473068216,46.88116280108194,294.7269947423486,0,0,BENIGN
24209.787777287915,840,40,994.8313748161098,32.73478265925349,78.01411838404528,1370.8210882549622,1.1801622058082373,310.5379846911797,1679.7383036729107,1544.749080454558,9112.57116894899,35492.53446630732,362.8263631230402,107.67219069127631,0,0,DDoS
372263.17178603675,10,82,1215.4318650036676,32.9193522016707,748.8599861808987,834.6107905259986,8.011280714705036,508.75554196793126,74313.86121742711,737.94360161469,5219.2757514271325,6855.18734616447,322.04583320689716,460.38330423167866,1,0,BENIGN
268926.6290307553,28,97,1347.205290163627,26.658521901073428,638.414140331773,703.3443176787765,25.209888778246317,228.77154264483772,70575.53694532027,427.65857356996696,4431.029692999308,64935.7392344424,751.5732723163843,32.003173304310465,1,0,BENIGN
443975.0625609272,57,77,479.52727363809703,20.105249705205217,82.69381878405365,756.9997648994212,37.08442515433709,120.09884576193197,76467.62873474289,409.730086270655,6555.185408098137,26031.057432543083,161.2141195314323,80.23130713561322,0,0,BENIGN
664252.9630504694,71,67,1228.6235009630964,27.405372394979363,123.92821619243803,462.21367159208677,12.392275012898759,229.96727926219214,51549.06540500134,535.6002594981846,3575.290891959391,35385.377982056234,669.7022544086218,394.6464241598428,0,1,BENIGN
952819.7355008058,36,99,778.2258639960598,37.64483250134694,706.0027691881568,189.7492253720411,15.709229730856649,460.5621042098266,50362.934007898846,193.94368163009898,8589.579543969865,67697.30889185377,1015.2155473310561,429.3821396747361,1,1,Infiltration
610585.700339923,29,37,640.1966689654421,28.877169100627178,332.45074908803844,754.4896154971785,17.184343685294536,602.8758731597216,86310.94265879756,531.9358900996134,7896.42762000996,29685.70033516486,451.4409037195242,172.6149768349862,1,0,BENIGN
881674.3160844794,1,36,212.88595719686055,8.475773217604363,276.361895996837,283.71936339355216,9.749179300973672,243.3766071348977,33633.81592060206,749.4155137558789,572.3402916467502,98624.80472842064,355.19922849527796,376.9325369184625,0,1,PortScan
70217.58815722114,650,29,770.1646180318754,16.478323801364077,701.600494364732,961.8716249788296,21.300162656639273,127.69992805597721,60603.2251434088,2345.843705793308,3378.6936899018633,14292.768061785044,565.9759717385203,103.1260569180763,0,1,DDoS
204395.95176063039,49,103,1173.6743818704865,24.453464088665875,691.5547657942391,1022.939801457616,16.324762273036924,713.0710208237476,22267.85603235885,714.6698107812333,8816.818914858162,73134.33880513259,854.8939777213968,376.31914703591804,1,0,Infiltration
203516.13148857758,51,121,698.8894050227121,7.33768785613738,689.7802548667205,1328.537420087627,18.652390245606803,97.53179275543847,38843.82638270143,803.5573056966571,9018.722545176824,20355.239522334607,136.34991770880953,438.6752265664193,1,0,Infiltration
968069.0054695539,92,57,1473.2927200808667,18.019142858823813,430.1598397709358,1484.257920778315,9.261937438601953,756.334914154448,4379.471756399414,446.4422515741685,709.3350862093271,72926.18194393517,502.3907912688135,353.3171317337982,1,0,BENIGN
45414.747032998515,95,96,52.210975540211365,8.706695983221442,542.8800591838909,746.6244775424308,0.21253902673383784,651.415928248185,77303.6763717047,548.4643210772633,673.9686245049585,76653.83980276313,483.6223266758366,390.9799885789796,0,1,BENIGN
1036112.5311959687,41,99,1019.8899111343454,24.818951402078824,604.1124222713063,288.02626883407356,7.799007996011569,716.7112330866896,75022.78206536187,908.2376658514529,7589.566058427567,59719.55904597029,537.140880141184,444.563961970005,0,0,Brute Force
306973.8227432506,1,13,1080.6554072765732,15.448479712681227,487.2637507208315,310.64425746046675,23.99085259881992,694.7504174924392,86877.10001836022,724.3719718889067,746.00762569705,55797.16524061856,484.3477485260268,66.825290705259,0,1,PortScan
79626.18263963144,620,38,818.5470429474897,25.470468681773085,608.6569518122409,368.5611392094733,21.148976763937426,667.6974575601831,46365.159912367395,5570.594012378714,6550.543662809428,82378.5019059543,87.9866226248174,388.3952417036136,0,1,DDoS
983307.3262527855,88,84,1169.547344747672,29.913542976482873,154.46215844588824,357.15709422139577,18.559605258577,240.64330596919405,41582.57313617064,888.4752635119283,8245.0256498739,63007.68744921342,692.1714996308386,391.8861945086246,0,1,BENIGN
514249.6199053383,29,71,1494.390203308217,33.016626564957924,682.102224293974,403.55275471927126,23.06809595431025,91.11449461519956,9582.301888484804,998.8927227720873,3273.1261017648503,74820.90936576415,653.0654403003805,429.01163550361457,0,0,BENIGN
40446.791777013736,13,35,72.74179817660048,14.417073085659444,635.6410708171796,866.6238091886034,12.511119568414163,537.2999241744669,23278.61621285019,14.480007927477816,7645.890330499909,62378.07105555227,619.3499946207296,19.469008343832805,0,1,BENIGN
56343.90111775688,800,69,1302.0725404278116,23.47746026235628,481.52228871501626,1486.3915693160181,30.26920668274272,376.14329214286283,70768.96030328948,7785.830972892386,2296.465870210155,59689.21917000706,745.4183945666031,464.56976000773136,0,1,DDoS
211714.73498000423,51,21,1472.432145487186,25.980357188297894,651.3546853548797,1084.046235474202,23.726328761578728,80.54447771156225,45530.95782101084,674.8188235371938,6778.54082269801,37318.53061605414,755.6859098601033,83.6785161183905,0,0,BENIGN
69716.609231122,540,74,849.844056278926,29.911773990374897,655.7965258916438,644.1880993683619,8.166662366729721,72.18013186701171,58014.643094012754,9059.31558321168,9487.956507545612,6069.884722413829,560.9004610189644,12.483111060028584,0,0,DDoS
454926.9555585879,20,94,1368.9110309069247,25.56128635659683,764.6866743671467,1327.1588342218765,23.37999182123161,673.6818826983088,64293.50327133104,78.64997514063477,7408.241585362504,9499.895042321948,491.5029132329814,351.3201029291144,0,1,BENIGN
915680.6650384237,84,55,1329.0556321173344,26.361816405289296,200.53619191942758,1299.9753737839533,35.44373741252833,189.45672456424862,73768.86596849066,286.59089697223027,8028.376720405768,99723.81761136123,62.819764050338534,448.68293289546597,0,0,BENIGN
465063.016574675,95,144,226.78790978720343,13.900283297007242,370.89917109355906,618.1039195715032,26.772344366475167,717.8387584749876,30674.54120592652,551.9219487075435,7896.200124916721,41627.64370394648,251.65466637519728,237.47548263187412,1,1,Web Attack
74913.72307445355,15,134,1460.6921249519555,30.371700276738945,775.4987136048671,682.0211103015465,11.134739266506264,646.7028298789819,32692.766412310564,299.45343536797776,2332.7348621562337,12976.601032641292,352.3678895591132,177.65987423694384,1,0,Web Attack
210585.8889713764,86,4,254.50600843230532,13.705805860900862,697.1407806121865,266.19095426942624,3.309473424727596,408.24887626080823,30311.709176725784,563.4520236474058,8040.010855929917,13723.477330392789,481.3313042612566,252.75438019493197,1,1,BENIGN
27371.30538189856,620,87,160.11759344451036,18.383362288544923,272.9122357125434,1240.6765683306173,2.279149079894731,358.14152893793073,45897.299270730655,14500.671513829777,5747.132875151208,66724.56159604616,630.5574570953347,431.10148682909437,0,0,DDoS
840124.067631356,81,32,1338.6981941238942,14.858690504975073,188.32655308617433,754.5131046136196,29.66565807344169,414.3524937725062,48369.768245035484,838.2465980396923,3620.423752881192,85980.86953441644,349.1716487233099,164.1165528391697,1,0,BENIGN
126089.42766120788,1,81,1234.0702062563432,20.40593521825293,599.5422557017132,788.8297010574616,34.7842432989911,346.1096332570039,97026.51090704619,932.3295259530547,741.8610168323338,27948.79425876544,140.0567274828764,427.35172504659874,0,1,PortScan
182919.49609083022,98,80,457.13304878489987,37.084951274577975,777.144159262345,874.0402861081621,5.720044906629056,324.6566649684818,79793.45310848657,367.45398962420074,879.3020108448595,55682.92324370951,682.2918471369865,397.9631935717512,1,1,BENIGN
22058.221300930356,850,84,404.51667100073604,10.529893860720447,40.49657697858766,1311.1767898232558,31.70379252836539,516.7699906689153,75051.54981749035,3042.667251354987,4588.652709929878,35128.4265410046,111.27015995533253,243.06524260746204,1,0,DDoS
291531.7674024445,8,59,387.6941143519166,36.337382075175015,395.7324812180605,720.7971428921354,30.42302569821129,157.4140750437436,48777.80887459507,430.04221559964765,5973.137798561094,99955.77474801135,624.7811595023558,198.93285150871358,1,1,BENIGN
30560.63994032923,21,55,984.0366481650464,9.069647376277782,549.2247287337507,723.7620714633676,30.94210967459549,133.7846195562533,62669.60293045389,278.5428818546596,8531.29013335261,92839.06672857438,797.2627031960822,398.00370121364165,0,1,BENIGN
336073.4582842097,12,97,1169.1363297620846,36.59863460311875,183.7457160174683,1386.6565276183503,27.82498609416232,504.18575532062937,20064.143001065757,55.61948030586964,5688.96433609432,65155.05317605595,200.19390150956306,278.2281029127282,0,0,BENIGN
1854724.890136477,43,50,504.3523759243413,29.977040239232345,367.6454278737238,167.82104948055968,11.31204522681999,358.1225370039317,29322.390905077576,332.2723503902269,2944.8213026821636,4159.501726636114,524.1919726265763,298.64621017673466,1,0,Brute Force
848124.4240921285,37,68,551.6033450148882,36.51724019098759,298.2253841471213,705.2039683983874,27.12455323816835,452.69628745874076,34753.909038802114,435.7012259774642,7946.863370356526,27820.134257106376,148.11398223037972,156.58160091488855,1,0,BENIGN
991696.9037651146,97,63,1477.8747861919574,37.5598568834391,384.1384228002967,329.7969689238097,6.595391062605538,222.39191654116772,71042.25079239727,273.0226997320147,3420.83844334694,44883.392611421536,734.0568371203068,94.69670894242304,1,1,BENIGN
904775.8650459499,20,64,438.6393042185979,7.087700040447644,263.6427198442069,207.60351378686894,37.66131641137764,635.9966925176028,46292.87857356282,864.9761088546904,2502.0874608893905,71714.88564153462,690.660699250445,178.3843558116363,1,0,BENIGN
298927.24954550486,1,89,1105.3793834862365,37.6088322228514,498.885713866113,1300.177885094179,32.899785971609084,171.74072026121345,48633.16114837188,117.01184317183893,6824.710084000733,94990.46782792514,144.18798813985495,366.9415654012707,0,0,BENIGN
390181.2226648704,70,47,62.15824813876727,23.25668422328082,120.44845926721072,1314.6083152833855,20.925720827886607,571.7643308846184,41144.6234748656,560.6237510201486,9427.165177896639,8282.57662197084,232.99270666200908,389.99416345527214,1,0,BENIGN
361605.2446141632,59,93,370.36186619223577,35.827918527974894,635.460061442395,1061.5696009052353,24.677761095380077,696.2339550595121,22383.899948121412,873.1215318799512,7897.028061256283,74818.60103050468,466.5543153369423,123.12208048530005,1,1,BENIGN
31875.306508888712,1,85,390.50328111184706,5.772368028864121,127.93300181702963,79.78501744819006,20.943459408858118,205.87750324723442,98944.2334013852,574.4793121966186,138.74738408665442,68879.36645572842,722.2851105473912,372.5897476848072,1,1,PortScan
362623.5405794386,47,17,519.1420448845136,8.36237494827384,104.36313982523319,721.3719564912362,19.285283956793677,679.0906199062094,22201.74577496179,381.05317454103306,8085.9733315479725,82364.12483878987,332.30441774386384,229.56201164334044,0,1,BENIGN
118731.90136500615,86,108,1038.445019679601,21.26288610746925,64.82088619621686,734.3704400601321,16.309924200109293,162.52629710109315,65675.31938971563,971.153792277549,5626.266222534606,71478.18011163014,138.03351592525914,208.83349790849738,1,0,Web Attack
93848.83099983333,350,81,986.4244101778615,9.259203836519529,557.8282900634251,1412.6674592280406,1.8714337988707408,282.9355620219675,43873.85399496889,17985.408657775944,9622.991851625475,44417.08349716826,610.0215932280653,265.83051188224147,1,1,DDoS
217034.55023929314,68,40,268.9465497625363,33.09208598948984,71.85556470435571,652.0069988170972,6.728146230660728,708.2909639156403,55748.347276176006,231.45749831321032,5029.2485987921,73151.32110671455,768.1696867787697,110.22300212270947,1,0,BENIGN
916428.9024776131,57,130,628.6875244483813,30.095915292151517,443.7834539467083,1029.0595839933098,17.13831615395182,595.9373126727857,82464.70460869445,146.52161297715583,8330.967858586539,54034.25021371282,1022.9191363628556,215.6508531705073,1,0,Web Attack
251244.15062164646,18,65,746.67003586373,20.56381770205039,274.43589393200784,876.6416129037628,13.008447851048452,69.84475482365576,27272.66067390117,6.478405502250019,9783.764322697998,96575.06350987655,510.4770391184278,364.185427169823,1,1,Infiltration
80544.95000416745,220,65,624.3099227405211,31.33191931824191,242.1056224804103,1485.8851635387266,1.0307839505740457,498.6818929408519,65984.64756696759,13761.53505036843,1212.6719121029992,93853.59304947831,177.69929207806294,311.37670161992054,0,0,DDoS
546503.8958739515,30,25,273.92937742569916,6.8374560968339315,357.7900390037277,1145.633148282231,35.91858587391154,103.93702331713095,39371.08036518416,100.33553916650433,175.75888151965285,66175.25107756922,497.86157589460674,81.5095569074431,0,0,BENIGN
834963.7109738343,45,7,237.77092372024856,9.259008550611924,699.9912381996699,1392.6371450160298,16.785095312272414,78.47307892449633,4035.244185912658,573.9924710824035,3935.0221378428582,2874.956233489675,483.2718181575431,5.651268294511236,1,0,BENIGN
40353.97720893118,76,60,620.6192450722599,38.95201653428598,453.5909835028137,441.8492043140321,28.37755458535899,246.3339219324606,90433.90481161575,374.7844983103257,5503.18694213429,5066.804651384644,363.8521408436954,416.1817698304975,0,0,BENIGN
226156.46310346163,85,8,1398.3816934472152,3.814436850920142,382.0445659639312,532.6832472877743,34.827538218297576,103.47893515681426,21191.481661547936,752.4930907527357,522.4255513223437,49258.612717621785,376.0013463565872,167.20058949437433,1,0,BENIGN
161451.22165254428,21,64,472.7323300379138,36.43210683879253,456.0352786885917,1111.5018504227294,13.862350392661904,349.86398570557117,12644.001305861413,171.3778283258882,8275.291982713194,58488.014782571314,296.52467407170235,401.425604497773,0,1,BENIGN
344883.12598539516,52,102,495.39138208358963,4.884460636971517,124.46423197232943,986.2333504198201,35.00472178232188,640.7955878064719,14196.648642732975,545.6275635798872,1064.8595443066336,4539.011414871614,808.2798796986347,267.5761668401752,1,1,Web Attack
989757.4377679937,77,42,689.0112494532331,20.18476098430782,129.13291232833825,286.8301965219857,14.0722002564141,618.8736659223836,50757.53416362064,637.9380843655063,9851.893805355841,76802.86347696783,370.11473858732546,223.22096089827437,1,1,BENIGN
50076.08547440877,160,46,74.3574418445842,17.184914555873764,251.99293781584234,228.59469005494117,3.9818605123510054,498.4260458671473,52407.69466054591,5073.17517169339,4714.79108713742,49228.309195089,188.20682513334802,326.04653094082533,0,1,DDoS
602509.5837203847,1,19,223.89458671386305,39.16606220402463,552.1175626852036,1276.455347666271,12.973175094060721,554.1276496356594,59464.75854812886,603.1898051109347,682.8499270781839,57540.163721178564,366.0874006700261,137.96134719027341,0,1,PortScan
943067.5912172309,97,77,1005.2653905058969,26.08941412529763,230.8208787855275,989.6208632828419,8.49335897147565,132.72563431843568,70168.19022741304,113.52947302220633,9969.12309370766,18353.40559101143,491.54781569490774,205.6872857062947,0,1,BENIGN
622770.009064604,98,48,80.66427159876864,25.255013041930038,364.06275116923314,840.2919959829121,6.985887435853182,264.9083423718282,66416.06503778724,965.3061933580368,513.6635682860699,89039.52824231806,478.42971299651845,281.95978337781185,1,0,BENIGN
89967.86405098705,18,88,537.7995142959151,36.69072266310722,349.00880839319893,249.19092970585598,28.58875334008144,262.94860029516747,52594.48370485373,697.8630022266195,9003.638470908683,79221.19756821959,554.0344115832703,339.81659119757177,1,1,BENIGN
1211.9829867677888,16,59,1389.4591233602055,13.032938430819389,137.10873612039273,685.8551383295314,1.6987963702613262,560.3159076413743,90280.28049349108,837.2792808377949,1282.421039744332,12635.850999402108,658.2102065664407,462.127137301558,1,0,BENIGN
318330.2151815873,27,87,1104.2512321535296,31.192835360402725,129.84615294122733,40.044849514258324,28.4854818352242,311.01309374951626,25522.6850286642,12.996180042546486,5407.591073547382,85116.56203524391,767.8000511671668,282.8724753066446,0,0,BENIGN
548917.9142624455,22,66,926.4175100900223,15.549053915061869,222.62733382227873,178.6493018334297,12.59673778355583,113.45007405869173,17772.005387315996,987.337424963688,4446.59453349712,53191.8579328366,703.9500818402837,497.7844502453439,1,0,BENIGN
654016.6604684832,46,81,753.9922319491252,34.38225587671747,490.14904200719275,1054.194508302856,14.586827049373463,601.2644676679943,66695.0467794493,119.65004155228124,5730.70210262469,25681.782196012704,651.1127089215305,212.96885423346973,0,1,Brute Force
18672.12758037028,600,57,455.4304230883233,17.721348253504775,509.0005177657788,1280.94062253468,7.849828668246626,135.4178403228426,96351.64675268532,2162.675098409389,4790.12579037082,58560.51724204225,451.4445598896531,43.0160785164716,0,1,DDoS
585629.1251042252,95,55,381.2615563736466,25.510965673823662,663.2513015622935,100.7052813760269,19.925197741921696,563.8759131980446,25305.96151426174,307.8401282026198,6140.242650863945,89794.54999143926,655.5425594302035,291.56510954979177,1,0,BENIGN
641001.4315459479,61,68,317.3067592280389,28.069530955090286,462.9131243851047,563.5875096522434,36.45356760314523,55.90992954831728,31645.73780982465,56.975709637868796,7667.607889054056,70213.72433683812,291.82768623960095,337.8314511035365,0,1,BENIGN
454238.2443704324,2,92,1404.7056766129194,10.03516399562801,131.53997839738975,893.432945358809,38.77287249136715,327.15780243266187,6297.472686515274,339.3713367828365,506.4257226652389,16200.681433155049,540.1576857229339,498.8746945051003,1,1,PortScan
872667.8066688378,89,101,40.272331129168144,24.55917825093575,508.4854148026212,707.8668615700368,15.877918917371714,386.0911829652618,41554.54756436008,730.5194282345511,1362.2007953831078,19771.945666907104,265.7907803673629,131.23529256063227,1,0,Web Attack
868182.4783969715,33,1,277.3054617043134,27.024852383929733,68.94558845548265,945.1541047162797,27.927937227059992,203.33656385390657,4292.210937019066,363.7089943835577,994.9563601169453,11656.620188836974,233.23853589809707,147.73396231337966,1,0,BENIGN
59281.166377609785,180,28,472.6356707737081,5.738778280720802,155.09859667087156,671.8463671390556,23.827192966461183,101.26770792889732,93962.90204361406,15103.162081669027,5870.37294365379,82845.5827071897,100.9419351772061,238.4194388665622,1,1,DDoS
1566982.4261865255,31,71,1030.5971062298486,12.923988066653491,790.6896497153832,515.4998110133718,15.765441871305125,498.5339891211464,80188.26088981137,469.5717134790991,4232.333777551694,99563.82698114488,47.97516726635778,447.5326444256229,1,0,Brute Force
22163.942067422613,9,71,58.844552852248285,9.067626082996947,470.8385251496474,553.2516996725591,24.415099812733104,58.323746990586784,11734.247155123081,127.18353059441739,1900.9436227009342,45938.55076564627,917.4267174796712,452.76941896445055,1,0,Web Attack
441206.4371754093,82,68,555.5302178500486,31.991334577831335,461.56213883915905,1245.8611704830237,25.258351703320827,636.1481596417259,59896.44302245422,414.19965410884464,9579.879140662115,54115.971349635685,499.86803409080915,110.24381970737463,0,0,BENIGN
184919.91410723023,32,69,922.3646067835658,30.54769077401282,437.78504190072624,371.0880329666827,26.660879067721396,100.8803522232977,44239.18710971527,163.45042172258033,1852.7459200882347,20237.37197632878,333.8973633534232,25.575102810198814,0,1,BENIGN
483345.95553782856,8,8,1265.1540477832987,5.813067696820164,424.32952527384424,130.58046875656927,2.84622715511639,476.1380457545932,56645.240646293314,878.0457094931725,5583.158019844131,95979.50413028097,77.00808478394663,49.00384239037054,1,1,BENIGN
541315.9839305839,44,1,522.3715515518002,23.56858457391422,385.2515815602651,699.2857564441397,37.477114549245556,787.8639508521389,79668.79049402512,756.7824144379036,6808.7760361732235,16615.824484828037,84.92042386549744,345.36315755663156,0,0,BENIGN
928058.9450538253,43,78,457.4147793059555,26.89559251194818,169.103171747402,120.90719712567687,13.245859566565992,622.1383968899361,41426.50003062751,653.0076246157486,5800.394781309085,2231.6260177377853,791.2903901547371,20.714044409693877,1,1,BENIGN
963162.71116236,94,45,385.9090310892163,3.8786268386169898,176.0640444556037,1204.3705061328694,27.101832207351034,455.66594574896243,47561.47829939013,922.4420402277589,736.6221283088973,28067.27531565922,305.95276871374267,391.2129061063939,0,0,BENIGN
874319.9034036669,45,44,755.210896007907,25.22869777967717,602.1590022999621,933.9226179130537,0.6670325395935661,188.02785824229164,81065.77489982506,272.7233822477534,7318.305574415728,37218.30032201745,436.6320894000368,33.986649909701846,1,0,BENIGN
890149.0396415693,99,90,840.9390859798451,16.10957938987323,434.9048736102857,1494.928410845984,5.408692548514189,553.3465944556834,39660.49654192296,133.09649792743804,1595.7802661093522,94927.81789349923,1062.7457062514088,453.5209802075109,1,0,Web Attack
355503.79343032534,64,87,746.351708196545,16.73558133513334,311.9365494950507,906.9197226374403,23.02373714560328,162.70795388882246,47226.80976809206,553.5164290322289,5707.166517926591,21018.618219306056,604.1262581117379,12.599547410534818,1,0,BENIGN
563936.5317632968,2,91,1054.6315542408497,22.695637766242935,645.1451431868543,1113.136771837142,24.404316881449386,411.01503323621864,13404.894354185588,261.40688458359523,419.6803734441682,59933.935707768804,430.41796996363166,144.09226297976474,1,1,PortScan
242654.00824721777,6,95,505.28682182616444,4.187038821421334,137.7333293300199,877.821873043539,2.436077323979733,63.50746985911019,71469.96873690272,361.7109301315604,1262.4997388463942,25368.740958262228,791.9786183817348,137.76828357042558,1,1,Infiltration
588134.8282416865,16,98,955.3739144119262,32.33579529216092,504.85127873639425,471.79144138873016,10.229748061932016,288.8399286374205,16545.589272326833,181.25373366493506,7909.004107982677,38479.41032497942,371.35633723364526,297.02473278340557,0,1,BENIGN
831557.6322590319,39,31,290.87101212218136,20.72309992161379,202.63595581071831,453.5952290991629,16.012513446919762,657.0182542478886,1484.8273776947258,649.4138823545987,6692.076545096446,79867.59147786009,748.892233685838,10.068924474644913,0,0,BENIGN
458572.71033079666,20,129,1008.0197174357952,27.162664179825494,748.1227065205462,1495.5461494210376,28.806298437237608,258.2881189959146,87987.26498920492,49.31599244930753,2318.497720216217,89739.59788919686,352.05832646086463,110.32552981087423,1,1,Infiltration
500108.2533651676,12,87,389.0369207495433,30.32161684044866,617.6042141711948,496.3931163661182,16.427305320411314,199.36461084695264,97658.44622995814,645.6380168007058,9346.093368348,30345.520507477027,951.3556408164543,382.929321942371,1,0,Infiltration
393615.9805727049,81,52,1449.2060722767733,17.127357594686913,520.3345984010516,1100.12243864317,14.67845628028802,151.89257655199287,20737.443520555906,313.33514993295233,6364.323519318735,39834.07210341455,67.76875560614606,261.70359253373596,1,1,Web Attack
1650457.7002450102,36,89,512.6470053912185,30.607753350175678,148.80263193650666,1000.2655750228921,25.662742667399776,59.43304730819835,78818.21634573406,903.257780284621,2681.4786319363557,81240.94851137322,102.62853861508063,299.983929130533,0,1,Brute Force
858712.2514324494,27,10,1156.3903875619153,5.8678045606072615,564.645363644554,1419.7351342876304,27.30161915068628,292.02880532195377,50107.87381134005,645.7604708467185,5110.598383197751,12004.094643679673,277.1686739355357,401.19801527681625,1,0,BENIGN
952391.5137234847,21,54,1006.9780585468511,30.073005838267246,657.0791383247914,1420.794565249858,12.516781921152905,692.4649054591814,13255.521653277083,705.0704022629574,7422.357517844719,67775.54688772003,231.75919946271625,436.52157350760166,1,0,BENIGN
717493.244112851,91,80,1279.683109139667,15.335885642330357,167.89172726586173,1261.2056010060098,21.95638526560287,183.78880221666972,72066.36145878593,511.1625271256516,6047.086692580795,46095.224837276124,669.8188277016849,414.78135784152494,1,0,BENIGN
838869.9765178785,63,61,569.9549469896526,35.17118224628027,591.2824161784916,204.3820811326239,16.311121376246508,713.6490750897077,4814.950499568162,961.4204779800853,6794.834057512432,63141.284004561225,245.62503493087345,124.39589436958853,0,0,BENIGN
775527.7461893274,96,61,243.3109433456678,0.428611907814358,453.6355761315906,1464.6370750814417,14.765447752368178,311.4661738347141,34474.752623159264,520.5917829211279,4412.242185408692,87992.66352643417,424.1958017098526,253.87891909428438,1,1,BENIGN
250047.89357974278,81,128,1308.9952918085075,21.202498202069297,395.66515148331297,639.6354982718326,32.70493513217944,720.2430190398732,85338.92267279205,673.5792234735777,1382.2438422270557,27694.228249506305,112.51189259745428,465.41203749505706,1,1,Web Attack
311640.58240827074,1,69,419.0207942143786,0.06575028449798737,326.0753715157274,873.3117622002472,19.148194318620902,695.1778683582138,10629.988067021077,553.8680582896623,513.4663704710865,28146.48428739458,664.893365558528,376.4243279411031,0,1,PortScan
928815.0798918165,1,1,213.94538111423032,20.495712829284262,305.1122496685589,587.2443895509966,24.85322496622829,586.2257660792737,11149.299527428768,35.68667178339574,994.3359723830292,23280.50760806603,80.9111989304289,94.93766454795998,1,1,PortScan
452257.2588556284,43,39,1230.005266986678,35.09808506412676,627.6194609566562,1020.5181046908319,1.268899672641246,446.5746717911775,3866.002718993794,808.087010334311,3214.0379993549764,56247.313118050915,252.37843356236598,391.2500721901468,1,1,BENIGN
862936.1012716378,29,21,820.6049476902648,34.35045719354816,287.6698203880007,1432.9017070140053,4.875180071255345,53.88905298986474,90423.12172256125,68.74180128125745,9918.973067515442,95140.17222929082,144.1358916276037,268.7923128462829,0,0,BENIGN
61518.986746906696,60,99,570.3782827423934,17.545900009842192,782.8971562387588,1219.4838426986125,29.49639777247785,448.15139920390044,84015.7762843739,339.38890337214553,7091.902136605428,99378.45969806342,279.1179707907511,337.00876744198365,0,1,BENIGN
717960.8976710078,19,107,142.98203088571657,36.37718014743506,184.49786240221633,1239.0252256571682,21.785234844285434,99.1709549026649,95549.27432466294,247.03647087519332,8597.85700007254,16889.312478398573,1033.4948856417122,6.614406452646993,1,1,Infiltration
934802.0379410341,2,17,1236.6523095395617,35.527653986452165,191.40696123617815,454.909071739124,11.55874099684234,326.5609875612911,39392.73497148035,544.60086912221,160.71988360307495,69127.75391196107,167.35056987142494,155.15424105227376,0,1,PortScan
41126.294680513296,10,54,212.6047216257914,16.059904422595054,642.7776888519229,361.9428292195061,7.438460302296708,762.6221815364879,21068.773195664446,5219.849755844061,9696.463229654337,73473.50994079992,571.6933650978814,426.46319192729067,0,0,DDoS
503738.24046730605,1,80,1472.6360629912642,15.2646599643654,629.1782495632826,540.1829809042524,25.106755086352347,185.93222440242792,14687.499827766558,938.0703331541745,917.7296306265291,88748.01933188611,515.329422126611,404.1341056081391,0,1,PortScan
671438.9320364725,6,10,256.819901199774,23.858683016541747,658.931779708502,597.9003019115609,5.290748603939268,189.48302995774552,23824.58218642146,299.96760323523677,6431.522754358029,60098.538998926524,569.0206947909497,181.2509922657566,0,1,BENIGN
469093.84344340215,58,2,592.2077922552834,20.691739286090126,353.9616222726296,331.0444146279274,16.494659490987242,94.93048015561422,57621.007691163715,853.6691834862178,7255.617972702007,36045.80006501058,106.17411623875422,101.07469961263537,1,1,BENIGN
544018.713973839,88,57,48.82868304860849,19.354408754572457,133.6680681807391,489.21147063780484,37.042382392730616,162.88786048823,96586.64873986143,205.87379755172276,7418.245423583628,54672.2597170822,712.2038329735369,276.9966277515655,0,0,BENIGN
166312.73911545356,45,82,333.84513067632975,35.60946487183084,127.32882095505182,45.60223244138931,20.080327909567288,483.1771458241807,57938.63549755086,54.60647624508251,3147.2976311151406,49924.902694664765,204.60018107670308,436.31294274294817,1,1,BENIGN
691446.9159074008,46,92,951.3914760163765,33.17540600569498,184.65610107223614,1379.1420640642998,22.14234130649432,267.416323268806,43142.741710688846,312.2606645980093,7253.8604877338275,79632.10333487907,673.0324181621824,492.8841247928706,1,0,BENIGN
33928.637636194464,160,24,1273.757887389098,15.802133514271839,78.9602289737586,626.7393560056397,26.95024919136359,382.26629319340253,74921.41877095381,7140.93462451434,6351.093969629255,18650.11628734892,609.5207718501673,272.8479844065129,1,1,DDoS
748633.8477109742,45,84,355.4059029738854,38.69084761481191,583.4950150608348,1437.4168555081023,17.084201814413728,401.0762589257076,89805.72609688342,525.0968353113601,7075.716329937615,25224.766020778043,379.5121162140068,61.72493290517755,1,1,BENIGN
39361.12514349537,73,87,393.83639489967294,26.532428380160077,677.7157710877048,843.9642704853838,6.125780003358248,593.3684923754864,60065.11586894835,731.2774642884403,7699.768762342301,97541.28266479766,475.9080928202996,170.8205563453009,0,1,BENIGN
897407.5785897542,22,18,518.6505433132946,32.62981522504484,493.957407531341,614.7078596050654,18.937426375000857,689.456018833657,34066.438167383225,869.6627198436901,890.462965457148,77682.07573649098,684.1362011215996,90.90882641866938,1,0,BENIGN
706633.4685813184,37,9,967.5720861941487,7.859478678248446,200.92685515983882,100.58609524446331,12.882701407829188,465.40594261359297,85807.69790833315,666.9607547139349,4359.609270763517,95312.48023826984,586.6263524376322,465.082601431275,1,0,BENIGN
52921.403696085516,17,17,1196.1613327417647,32.46288017406192,406.52824006197307,123.67305261531074,6.983594049887456,577.6439691230686,71206.61670459586,898.3654396401486,5831.034604080282,12419.495697700602,132.2753281837788,360.56617867841186,1,1,BENIGN
487263.2857212217,57,12,755.0873672628315,21.146264159571025,294.1763206097591,798.1965312577627,7.90223622713913,651.9325419938864,18659.11777440091,85.05779326047747,4368.097803308002,65834.16087621113,372.66478694949143,138.3770659756543,0,1,BENIGN
932874.4033576204,88,87,773.4628571592593,13.11535976073034,600.2206346070457,93.6008974852773,18.99076024174605,295.6057796454535,92061.53492174522,12.101826969955274,5532.620608426308,74068.95147085193,408.61367051827136,42.70151508136083,1,0,BENIGN
614224.8256945795,39,88,734.0633488190043,31.32000925388808,610.1164543679495,706.9539946519574,33.82669396395086,126.82022532946084,25609.79968786726,827.9936658559013,3786.1604458752695,98118.34406379628,394.3524939611549,395.96781148188205,0,1,BENIGN
382944.85896945506,31,64,839.3761107275919,37.751124454734764,230.67664056591963,186.82158884182874,15.73045940396861,508.70165781154975,86093.81379785795,346.26226699165966,6541.329643733371,35026.36611551167,509.0868830757882,442.40397351532545,0,1,BENIGN
993265.8699101035,66,58,864.3741925284548,20.665103674171014,256.29629055155755,795.125764432553,33.92725993119789,560.7326300911133,29075.39841498086,201.5437746614276,2659.4332845983226,16984.222547268724,112.68692897802411,209.5680872210275,0,1,BENIGN
547369.9518710522,26,30,133.26446044911816,12.695554001115408,207.44251495269532,792.3455744717901,4.0946833833283725,611.3457986390633,90632.72859157035,743.4608304387988,5332.942103639929,86068.17550067062,568.1379686339457,5.275561225094927,0,1,BENIGN
345924.27208947175,23,90,1129.4222722863176,32.08153081131474,162.05120823291452,824.5171253910445,7.67821755982903,586.6181584735515,27227.890472230818,316.28350105107376,8451.258827864613,47637.471997168366,823.5200743888026,201.18652536123383,1,0,Infiltration
15494.208832141341,700,65,345.19407458344654,27.83179867762982,757.5987171430418,1493.4460133031648,18.01107241766363,231.9230961236978,44338.65410139398,16945.69366043455,2067.9967287348786,95210.04420877584,299.81798428659476,492.9018297251524,1,1,DDoS
635945.7666118125,30,12,597.9140468859422,12.072374786507748,68.42171271068594,777.8332744986574,16.121252451309466,522.2629154835588,62156.513587188914,120.83456123309044,9769.88580580496,18701.27362985028,378.4082588211755,244.05877171686745,1,1,Brute Force
275639.2196315476,33,121,1063.180290282541,30.61265198101545,746.3466477253569,339.0115172220659,31.919921408768957,601.2950005816922,6473.076169734427,387.2844188960859,2834.826916030385,30455.9975311595,1180.559442692359,321.38870673996394,1,1,Web Attack
377264.0622793929,36,117,974.9558901005919,34.02016913314388,603.0606439727655,832.1570573702952,26.143470801776797,248.23147397269375,59346.31337773903,489.27833202444424,1342.1112284905403,24262.002215531244,392.53053382260805,462.154783526279,1,0,Web Attack
369417.1946764233,96,90,212.62805300932516,38.15780849975104,697.8341272720211,882.7354665930673,26.96151469699827,52.66195814560415,33960.583057310025,795.6806646383758,784.054908185935,28238.56028272991,484.8255895340766,128.2065138494709,0,1,BENIGN
797414.6184719878,31,40,493.6443793347133,20.57958409248155,691.194865789614,721.6420247197325,14.388794476410784,447.47809355207943,71764.53902833305,443.6189891639529,9389.380981671307,29501.63294599378,401.3523406885315,378.4638296707207,0,1,BENIGN
996809.4997630408,49,126,842.5871925384341,16.686571159028084,707.0895476955949,337.83212126970557,33.05858437968732,463.8434053009441,5555.5692910255575,971.8481167953521,5131.026288590967,29094.776654615933,595.1237998677543,428.9288917587445,1,0,Infiltration
129158.33980618836,84,52,1460.960889224518,8.05625236853409,47.25294833109225,149.94009305376585,15.03409860727917,663.6139322869502,813.49396864768,456.7849198265517,3299.0138472605313,5257.64619287176,382.1795778711891,127.37435366835942,0,1,BENIGN
521598.828812576,2,92,1443.665229018513,25.436430628389534,622.060003503524,155.65119901222138,1.8823351784007558,54.78051827974169,18960.5233745671,414.4669568787233,935.8903072694201,45711.395329984975,260.5938800831224,280.96762675983166,0,1,PortScan
432896.63706506655,49,86,736.3957532217745,15.568344744937551,714.4426468814738,1345.1429255781861,13.432654585661382,507.45301305117044,92698.06545837183,962.0622930914574,5094.500813816255,45287.95228037983,377.7115201585194,479.435936595205,1,0,Infiltration
282622.012491887,93,19,631.2541375692351,39.95171743262618,81.77439319826476,884.6710545771559,3.302886321411087,157.43583079279443,44012.33788311258,510.50908533330664,2595.3361595615947,31652.548516132872,106.09493539450912,151.60989192212526,0,1,BENIGN
334944.8023079713,77,137,1199.506224163088,25.008645001257527,752.6062327680055,1032.3689767221776,22.807265270187756,503.7489668292342,94242.90680289462,788.2221097737195,250.1719612907138,53418.62821660837,844.7057891630839,374.3492392195775,1,0,Web Attack
955847.5628604462,71,131,1328.6185679751788,3.8791505006438154,82.33719544758634,228.66674815001406,2.3096431786814398,682.2093002383897,5999.109431381367,271.73702494451913,1046.5258719232054,29549.24941101336,163.23779306504935,334.00162537150703,1,0,Infiltration
817209.3316215683,23,131,1347.7604790520672,1.1577726697346824,222.13079656774303,87.28814115295279,13.43373948157264,430.53855954208643,79684.8224146123,338.0477523147892,7057.845346484436,18758.570667326843,915.6822406883041,117.99830295461877,1,0,Infiltration
182144.9225689672,86,18,1273.4044685346933,3.184203079700225,577.2868020550012,995.3458310931721,34.90079807317449,225.5521459852495,45065.97488263446,925.834791706073,6603.334566851819,38882.95360203108,139.87341097000404,131.24250395029551,0,0,BENIGN
124509.4446632083,1,35,843.5128671045765,20.558217867628322,564.4935694383261,1262.6764088218542,12.919587327074735,715.6492644843291,16147.297900593214,173.10656736418923,267.5052915603,11961.891646012311,215.04261075898697,53.2058814514223,0,1,PortScan
315701.65204561554,12,5,1078.2937277905387,0.27186194344447134,620.5309401521627,790.5596043186306,31.17460681340479,437.0975747568472,64138.38327777193,786.353022229501,4057.0294653326887,280.7879005470043,685.9593369183432,190.4451813123313,0,0,BENIGN
492142.801149063,45,58,446.27078479540364,15.816730809695123,562.2643973161943,1229.5987545845417,16.695664960244013,275.34834150498233,93788.7974185082,677.1772521750021,1199.0228318864795,6902.098534683516,407.4978866006805,110.04503302363622,0,1,BENIGN
89657.06771387903,88,67,435.8676899356586,30.413128856165507,589.0326521922939,50.79217610866782,20.365416516863966,145.88280660731525,86636.0803548098,871.5987242741203,4189.274616862643,44445.117888923545,405.74255092116084,358.3031494800155,1,0,Infiltration
432287.8363985578,77,68,1130.0406787805375,0.5038560508714784,529.8086467556514,306.9822090621137,9.296161848576524,523.0803189664304,99295.05223171243,777.7397173236434,2266.137925911686,17610.71525656297,698.3369814034295,222.09197396075214,0,0,BENIGN
816110.74367897,12,138,1368.2257826005184,34.071613546421666,79.95654233636239,192.44643946725233,22.759327772164912,443.92422717418384,45850.525127504596,396.8496464820428,4317.7927437946455,56934.10043413818,62.36723006409258,130.3543870664261,1,0,Infiltration
174239.2767261568,1,34,689.1563805543009,1.083245346802042,381.4438004338839,472.80953610646355,37.185984308053136,134.7061731155288,65282.34795517249,52.8144943578677,446.72426737488377,55402.40892713586,266.44574780081774,227.5378177601922,1,1,PortScan
775899.666744246,2,86,957.4741581558451,17.54596073743938,69.45527102117867,769.34056939882,30.59104968500357,241.82377448943436,80696.67960791185,251.88158537427637,8239.226415628496,8535.981477751624,698.2996187404624,249.59322546666525,1,1,BENIGN
432067.35787446966,44,82,361.6779944188705,4.128665955159985,484.62672822618305,753.2720010027754,20.967850842532293,546.870917343485,26787.692580077866,910.6739288843501,4362.3639405616805,12917.328652294753,604.1470551177977,321.55217630892514,1,1,BENIGN
21993.997017333997,70,42,1353.142282364295,5.341369326429977,333.8893019904711,1238.867940091707,38.77963597624713,384.98386368056487,50749.26205232041,11444.294891751826,9324.157934920771,85822.0970297932,169.6568547124497,218.3789089235375,1,0,DDoS
602932.5933171747,1,97,1497.3718651918018,2.9984017388005224,209.48746588563708,635.5280685624584,13.911296121955488,56.45062662370753,9268.582886470465,680.9851960744359,879.4451388991982,51427.5588564851,449.78522043036105,127.5467164161897,0,1,PortScan
40043.97848876573,51,2,1246.5298549368106,28.059964058606642,389.10117825140685,120.4482413318934,17.075789112932107,396.45895418559144,92862.69773612419,641.1219949718012,3123.412637379942,52536.57326242763,90.20203394484165,486.2841178248684,0,0,BENIGN
355348.4458394989,61,85,1006.8589511612058,28.612892421165427,243.78885450505982,500.87598249953635,5.010049243848318,538.1875786030455,4075.73302083169,597.7225672899067,8698.261889667821,89084.30650748046,381.26869788117085,229.65184410653688,0,1,BENIGN
82127.72944308083,580,62,655.0992871847124,33.553573470610814,706.6115554233389,395.0427711857699,22.02282538165457,186.29479448322857,10277.688537541699,18222.587786836368,8206.86996727877,76005.88983129936,77.06240229798672,421.86439635512875,0,1,DDoS
546521.7133892738,15,94,1144.7039620545022,23.297403075531836,181.8084736236073,314.8190116628066,7.369946062906969,83.32181453946983,58821.065092231314,840.3641427707493,184.80715773401212,4909.974450677642,475.3054102820788,409.74784269302614,0,0,BENIGN
596386.8628470262,88,77,78.84821447341884,29.409140724063842,515.4939338355043,887.9037586212623,29.667365159672926,553.1754365471485,20667.610619014282,352.5457988386568,1269.8403153694637,12994.402771653924,553.9087672309698,429.3000534912491,0,0,BENIGN
18418.291322862086,540,67,919.2942014707955,12.892992978776995,630.4392486357033,143.3554965763147,26.415530095833017,654.9880507791233,67315.88582305096,9945.589442009876,9503.56706722445,30000.849594908377,54.567594518983114,215.99468573172044,0,1,DDoS
209997.0539434767,3,96,1170.8752414345727,8.709155987317342,512.1321631649271,110.19529399021731,19.3429834281547,51.13181672708992,92122.27363006609,976.0884155971518,2230.604838719467,20818.522399291312,919.2410012808277,126.68969941466723,1,1,Web Attack
350842.54524801107,65,79,760.373782603557,36.46531654833902,745.2908199143295,281.5134221074776,0.0929362452772109,787.7875145082257,90623.13985913519,55.53969118027103,8332.012296771289,45785.91520659507,236.81081981898117,439.37326183846494,0,0,BENIGN
205700.92555057115,71,82,1453.7573617449123,18.115334416620467,758.7434824151786,1028.1572636998685,12.063474794942062,183.10991893700088,30443.131117887428,93.1081075217487,1447.2409837698644,10474.99743024465,542.1556398653759,397.7891881287932,1,0,Web Attack
643464.606622379,53,36,166.70311293488612,9.47397882386185,165.3498604080756,221.93799225612213,14.635971944712303,214.33906163733036,21908.480869970077,54.78770525881003,186.52374750638447,10285.796582551682,170.87008436196112,215.49186442410158,1,0,BENIGN
424840.8631900339,49,2,1049.9953531472943,26.971742948000987,784.7661399922916,1478.9770715710886,27.46714446896518,225.14724190646766,79875.72822924684,107.118431297617,7809.186048674571,91020.5104532282,330.9533800240108,315.31764749154024,0,1,BENIGN
310439.85201920924,81,32,1413.4962544823131,6.991251394997353,704.8051737389902,1116.6499044835982,10.113496027611571,91.13630582035105,26872.92696174936,912.2170159578475,6335.454962208765,72108.25554317821,235.43578684291285,359.69407778741015,0,0,BENIGN
626790.673207477,57,49,1241.5852186925247,9.401251952476745,535.7336457420192,631.5878281599813,23.841743819105886,121.66241999797018,1789.5887121685716,909.5734709375631,2703.603787584156,81969.5035080181,799.5062283588721,105.71562899945557,1,0,BENIGN
96545.20897371613,370,8,774.1982592957539,31.80441130106899,143.1668483559248,1467.0597489378579,38.57412936143946,164.43400798816992,30012.37016783035,2004.899640140325,2724.458812992815,81597.41938362652,327.5198614455972,44.198483573379185,1,1,DDoS
629720.626899677,25,101,283.1462297060142,39.44707189134779,663.8452470399778,450.95686157834234,2.8027478288475782,83.03542360694411,12125.77713560283,580.8105067560602,9288.346577842869,49679.37536631839,1020.9578500000648,222.9433099299039,1,1,Web Attack
174046.3095327483,1,34,970.4611485455149,2.8278643273746473,314.770542699847,820.807220770541,39.84897972178555,400.64550759305496,81624.07003572093,432.1240783381111,796.5943318970892,59545.52601399464,713.8125355418227,205.47127617505495,1,1,PortScan
154500.31596345908,52,96,979.8309172344209,11.085774074934394,381.75450265962724,544.0862460032974,6.910270249848396,512.7054004713443,88209.35795854668,959.0883338581751,1931.5401679076115,71740.10367855671,817.3468779304777,171.68889478728627,1,1,Infiltration
94550.03110734443,960,26,675.5273773139457,21.006155764465134,191.71789382153733,1135.7944790804568,29.85679320039396,150.59314829444295,87810.04041171595,5385.256409987159,9822.738048756783,38296.472373584205,175.19188463821973,175.86005567282615,1,1,DDoS
578260.5593851672,5,22,1118.8384648102294,1.1667956916297317,451.3410429697109,117.24485257517,28.04576879866614,82.3532691327482,91181.61204932911,702.1123586278081,5078.82375320072,44155.977288884686,139.31119911407941,145.49969478233155,1,1,BENIGN
847.6335996940107,18,77,1090.178889176666,24.74987929830425,102.07662129842902,357.87835224639724,10.01361069525544,672.1107197918682,46373.623687261155,486.8795291200427,9349.58153507954,63712.218026583,1084.4811797700368,228.2544276707665,1,1,Infiltration
458759.2451559715,10,105,361.88690225907993,6.582642337173397,348.8124955324635,1392.8146594988364,28.41687260049647,358.3819548426182,51775.489758455624,84.30458987598062,9845.913204797369,66644.06639644495,385.36063804830167,292.90419710762217,1,1,Web Attack
174867.5093845776,5,117,398.36351530683845,28.70245530594143,630.3842391026136,1023.1928042106916,24.5799784102077,718.2765114035288,7954.808427876828,330.9816743036172,2490.3919215121514,98801.51606692151,503.9043488202358,366.30634962019934,1,1,Web Attack
239073.78044353018,15,60,341.92460702445044,37.002582257882196,318.24596962585093,191.30962066196156,28.096214634648078,267.5878701900335,26958.80559912675,997.9776578127045,8582.807861016277,40799.702458600426,784.9985179405393,325.05661170960684,1,0,BENIGN
121693.0988221223,90,18,578.338726987435,30.789256731875206,656.310746431184,624.5206751861527,37.88611744025419,348.9116656435749,77206.41991948798,483.92887683780265,8976.347941955619,90777.04675258136,106.43677398202374,468.24666565511285,1,0,BENIGN
200991.24855155387,1,87,1281.1937926401538,11.566013378166037,763.717659555366,112.79581374277981,5.9963701298855865,448.56166491915087,57621.66786511874,645.1855682925733,17.95216018615099,96037.0737944668,73.88695047794943,71.53097636170119,1,1,PortScan
49607.6784393233,21,58,59.39055704952692,21.680611939189042,389.26786290419665,768.4931985623579,2.888527413407518,560.1708744126737,50371.71944437758,765.1723349762779,4858.053434276537,14946.669806280943,532.6752850991447,86.19318105258311,0,0,BENIGN
15728.816316859855,350,76,1153.2996951522807,23.397235759148867,242.33594113909578,85.76029653394541,4.777955358571431,512.9502640962598,93448.57966256712,4132.275010632184,7352.911229559937,86646.44181427166,435.87045562010843,334.6328979218289,1,1,DDoS
296965.98470061616,39,89,184.88699078273427,3.628835309913234,239.64856252147084,1317.1584513288306,5.156103402939958,587.1975699968591,10206.445399349011,623.1755399624506,3567.1123182002566,78893.50715695704,217.60474110727634,319.6009146949799,1,1,BENIGN
873690.6667572927,2,18,1305.229705349435,23.743010176571918,136.6039730589382,664.2111088251795,6.434411739403916,572.2643955385928,75910.92662835318,105.88594062077166,506.6337128419498,81464.35935203146,751.4839115787573,256.758933370885,0,1,PortScan
584437.4819972984,53,56,728.9776654242037,19.612499576393134,683.5566014210065,1254.634650864556,16.140799697608447,293.307893501599,49243.609601509015,572.8152324861353,2390.9887341736894,79397.5689207119,409.72690195664137,167.0227742099798,1,1,BENIGN
949286.2436388081,91,16,286.53456247587155,18.42691166619973,273.386684953789,91.33250539594346,12.925808691176691,453.52255419399614,55216.065964794696,356.62326528477104,4478.55453496348,96552.1366442943,326.78484269503684,129.1134066299915,0,1,BENIGN
759544.1967020724,66,9,1075.5723456255214,0.8459929339766514,358.389063267799,1172.762995196069,13.549318230977256,468.4401970985036,20577.425359308487,742.0211915870597,532.2682416549086,85255.73906110128,190.6292536804678,437.1990158541654,1,0,BENIGN
319293.37525640987,2,29,224.89020325682657,7.140791570903948,414.70289512068973,159.63012099569335,7.839207388070477,757.2624504811309,97651.31714867393,376.32170339748893,923.3627349929217,54487.01932058644,245.00427406406294,351.1993605402993,1,1,PortScan
728664.1586146674,86,83,335.0381666863203,4.402950407242288,331.3747763603189,1262.2564677247374,34.61178236804098,498.1632491006837,72780.88908029125,115.24427182413007,5885.37939402387,66699.9006916833,192.5417606144821,440.07736645512944,0,1,BENIGN
620594.7913387562,4,86,1402.4616588915667,25.496099248368864,649.3876839053914,720.9069079766409,14.466643327801712,122.38428326463327,87605.70891640187,783.181713025,1689.499795001274,51230.93378198729,410.4048540201461,312.5457763432643,0,0,BENIGN
540263.2450519407,53,39,131.84491498631496,7.4938716530715554,64.67778648572869,1125.2952275322182,28.933212159758526,143.40273816804864,83624.28218944857,154.87055624262734,3018.7441141036143,24905.200147144886,322.9533949155163,127.33188294498093,1,1,BENIGN
986570.8338302486,21,58,481.8298470759823,18.399266787124034,252.29800881018522,579.3111001044662,6.381598267536943,713.0251771250798,1100.0400148577291,882.4209455251441,5721.071994713888,33172.46783925998,589.5234153498506,253.87607593133217,1,0,BENIGN
389577.07434281416,30,81,62.91602217056828,14.40398523128453,108.26481836345961,414.9718550787704,3.700664847323778,116.71563542286313,19981.22831207731,999.8492595619516,31.819587143915232,63870.876885679325,147.34521050018358,460.3140683553879,1,0,BENIGN
610965.2948447296,71,73,1345.2505089585368,20.868472054676733,239.62899885116826,1160.22759917282,37.0666221554748,407.6050255915634,31623.79209686678,788.9662294225333,6821.037122906662,88876.36085018974,849.46597454776,121.76416944976815,1,0,Web Attack
268015.9558318372,72,63,585.0956151064743,6.056417757443402,646.8246638389048,1072.553359369718,7.615271451881389,318.7086505312873,10669.92198316577,628.2437764333347,1222.5055262407104,98593.55752080552,633.3183767627754,195.11927479199753,0,1,BENIGN
554143.8704677866,95,70,272.37226263099154,14.1661678703798,358.805928668263,610.4125641673852,26.6332331060745,203.78977173630432,22185.048126117785,729.2380274060031,5007.902281595015,41521.41604897047,252.89147891206707,93.76361145608331,1,1,Infiltration
556883.010820772,39,79,532.716486740939,0.7232436882274174,344.25069999217624,842.8203048880673,24.783303713083473,544.2526622978196,83645.50217893576,215.54136098500246,1213.6134061602947,85155.20181807359,159.0257393184139,487.38004066809765,0,1,BENIGN
981423.2827795331,40,93,1413.6846632585675,26.83459548007624,544.9620778104352,701.0213330547605,33.4216089817483,770.8256964092952,77530.67185387801,621.9745400833335,6071.861029255155,84948.4954593504,451.31486198618677,401.92994312441135,1,0,BENIGN
384008.6142032648,40,32,1306.8758030954348,17.284649472077174,774.6089853697207,700.2340461485084,5.711425466715387,335.97035685903165,95175.07039841467,319.78887725492024,8682.300617071958,88126.25566137217,306.1417584922904,41.62882902531606,1,1,BENIGN
782945.3218961466,8,39,748.4894438202275,31.116376269941473,330.5961316068372,686.9659241714552,15.047618750784885,319.1787916107328,52642.06303245579,808.8185645567006,3624.065436106433,52430.22950656829,549.7527673363766,134.7197231518275,0,0,BENIGN
723562.2198737555,21,108,985.6712794540935,1.1719777241367346,509.7582538268896,783.8829549073348,21.829987191177427,313.162108391421,8239.242381522894,193.41989968869098,9507.939684994592,40875.869231470686,592.0187976471851,26.354894926719496,1,0,Web Attack
538140.8546546992,1,53,394.96181441709626,29.79002926519689,167.85980012245383,317.30472574508923,18.42848685393102,257.5726952050751,24821.55182519132,645.2731207888763,651.320773473326,82453.46180929492,357.45851089946166,36.54254551307512,1,1,PortScan
26832.35338864185,640,12,54.76707022482028,5.95234858072704,629.6629400535363,692.3041677019888,17.900009912417133,765.8174189048681,91971.52731200462,6225.272366604576,2098.490706520853,84849.73617127464,728.574493993716,270.7984613992435,0,0,DDoS
800822.6077097268,15,95,775.129726495075,2.404342243135833,736.1105715084768,938.5590737612328,7.707643787718719,500.85344890712014,67778.58908857334,525.8177596495572,7183.836362180665,58149.58025338314,760.3048823444326,26.848539299653417,1,0,BENIGN
690202.0534972717,99,47,711.0375375300725,25.140156003342714,463.5113933219921,1124.2485449352682,11.190677235481633,469.36398181587964,8905.410114740134,413.72415703084863,7504.106721216464,69343.15133437011,792.888480250856,138.945562993878,1,0,BENIGN
440659.0537477688,64,93,891.2788192563297,38.408722895312984,541.855231190737,803.1558029386975,0.9436787112318346,354.43700216105066,29994.917084090026,748.1308573207004,2090.6939747839224,20529.95652853424,184.03447286040637,62.80780657811796,0,1,BENIGN
774950.9794587244,18,129,777.4687113862493,39.534822668862844,393.6109237697017,125.02723299760183,10.490972872599396,371.4135649666776,15774.5721521974,947.5703698114106,7670.820489199553,26836.037170772986,733.5171682104241,360.72457855478604,1,1,Infiltration
515240.7069155999,92,120,860.7313405882741,22.108155601821604,127.20388833702584,224.16098070358203,21.1813446008983,244.33477418404502,2201.5865558008163,722.8669199798222,334.54110093474793,59531.73134199441,674.6809253051384,484.4073452889022,1,0,Infiltration
551732.799009681,34,71,178.23424613700078,1.3142679096158538,419.3690732796229,916.8856786132865,2.499190454312834,588.1305952991765,23116.467644304983,685.2329336244891,9819.152428952104,69113.67594668458,711.2267202219425,474.0992533715337,0,1,BENIGN
851984.0566304862,1,59,421.64008217817656,37.86394291113355,591.9906602803017,360.7359147287064,17.963335707044536,645.3033448487352,54751.592792752366,649.9871029560725,754.0144338430073,62204.69878900997,450.4602846608688,374.8071421938867,1,1,PortScan
622613.1402929984,83,47,324.4671178168316,19.653217276485236,762.3827068077425,600.0691989185312,16.974881042145388,583.1690276450329,60418.89645288319,298.9962574833234,4114.055791718603,21777.802887734673,774.1763089389585,65.31719077867987,1,0,BENIGN
221857.31398435304,81,93,333.71583914176404,3.202536101158624,400.5844166818377,54.555082712397,3.390646177053327,653.7956608678611,77170.18715147467,915.1473065228555,8546.609204748387,68320.72456834941,79.77297154850376,391.42430899332874,1,1,BENIGN
508528.18740449526,1,13,1130.9647615377435,8.37670683287417,448.18342624847867,1116.340066414105,25.0925654804105,398.4910628373192,95982.40026512771,676.1897177201,907.8430494409967,72979.75345225238,598.9522817342392,40.00913487883967,1,1,PortScan
901641.0663634115,88,70,53.28334466993296,3.0164870397115306,230.27263447385016,1017.2005078907124,35.53088786046024,389.5558829834117,60736.61431579912,188.58100281028157,8051.618670478037,96733.13785423344,244.13518901509408,247.41297580027316,0,0,BENIGN
502833.1635024959,18,10,685.4166711523895,13.364186083462531,436.5914652319439,895.0553297260468,0.33982314428838034,618.364547041662,71330.1277569879,366.3497575679016,538.8299963324944,75495.70465310718,765.9331219633807,120.0757980110071,1,0,BENIGN
576978.4297325052,5,4,560.043157453614,27.880520557370517,465.68814708710477,604.2353439187855,16.809984072301674,467.2042707936544,685.8863159274141,78.60201746676448,8813.768096952486,7797.120119238163,577.1707331199839,460.0190820545263,1,0,BENIGN
568964.5137041318,89,19,1415.1821574002136,29.58252992445072,105.83101824956746,1016.9650670808821,16.41214887490648,397.7327596132068,5009.924195483186,191.14303313242354,7907.2309392611405,45401.3437164555,269.26330363967315,192.0095369824791,0,0,BENIGN
272388.16564136464,1,12,407.9174036003447,36.83025804218935,482.00751676581405,818.881104767383,23.85574398769846,318.1814819673516,80729.99132991933,523.3339206753197,117.63115486602675,12915.221831658006,448.01295134198995,468.28510903541957,0,1,PortScan
605483.9408568118,37,6,1022.325797294803,21.216968813089707,543.7171568851843,901.6493295286263,16.90810278108691,192.66665690657348,30639.643367467805,524.5481241615546,6522.1622555395825,77950.506858284,623.0497460212862,486.3443716305427,1,1,BENIGN
345722.36984830507,39,71,641.5458988694184,5.535903438724983,545.9815826016792,806.0215677610084,25.57499202171102,296.8790735816524,90695.97107624961,587.4111315887194,863.1708180658295,44985.901030535824,614.8306016051621,397.0672808661362,0,1,BENIGN
267741.67035057815,15,142,1348.5348060485053,27.428510752987236,692.8252158128873,169.6089697560997,34.599799048311056,283.6711289781723,17915.31809157881,239.44589935841213,4185.505395058732,25126.68854040068,425.44704805880895,67.48924303582105,1,0,Infiltration
441909.52272025484,2,85,1129.8201081313864,35.740398855732714,615.1598094058218,524.7210250918116,29.77768671350215,155.5049386802789,13118.767010319962,345.69247433245533,8078.946666750129,24642.361241757764,88.07259076299648,65.85476760317755,0,1,BENIGN
25327.58432536397,260,66,810.2662487410116,26.21743913762645,217.2225413604284,1302.0283613038207,12.374742483200514,567.54005702194,1710.8521725842675,7454.397283623157,3523.581081408495,54353.00801401562,95.27955895066934,395.06568686305417,1,1,DDoS
80323.18020317689,320,42,1121.6894818140988,26.474412488600223,310.2026458355258,1220.9334669890054,11.788054795421118,474.121817491153,74565.2341402398,7580.360284430527,3034.6484000980763,45940.00755718054,661.6522557053568,464.96088157283236,0,0,DDoS
90328.32948766903,680,9,378.83472368460093,28.356000250063296,666.0457910533478,1291.2623813626437,16.604287074197302,107.8983257418188,43834.36958223203,4616.230334960661,2919.0525854162756,77229.0330081822,97.40058537967403,413.79060874035105,0,0,DDoS
89743.26601255544,62,72,170.96334176167485,38.461748915244385,653.5188534879503,711.0638213604319,8.944101932946843,749.4258799898877,34525.19991312448,161.068333244206,5636.012240655009,94377.97429327817,42.91102078024516,119.06242162699937,1,1,BENIGN
113332.12729465587,28,35,1298.2919820104516,19.084392707757047,795.8688350802388,1031.5906813254696,2.9629962884179095,794.5524200783013,40848.63425434102,287.473793592098,5583.213043943077,30437.716106168224,105.70770541131577,0.7141715395883597,0,0,BENIGN
1144715.9082230271,49,9,458.79610264491197,11.218202590402214,161.40958977779758,279.5328388673894,11.407463840401913,642.5584344078807,90585.10338458115,975.0896609907105,2330.5736444235617,88130.94158595303,289.4738678507762,56.4202722584422,1,1,Brute Force
603443.8717990239,51,42,61.932911291626795,12.508531805658322,486.9892171144946,241.89343317093167,17.04489483889942,459.76433800445125,59928.42116625598,274.48427982827513,4006.296063503051,77836.13951446519,755.323167531721,430.9401655591286,0,1,BENIGN
333023.31870998105,84,65,195.56482093552495,27.534304996546307,237.4437562900819,411.80606219137235,39.927802179111424,182.8237279840845,14891.169972934083,98.77535923714461,5802.2553982162935,62790.103961950124,317.5732239552303,267.70666775573386,1,0,BENIGN
1915832.5690161535,21,21,864.6684976074429,7.186278633473839,115.82030385416022,119.58735926985443,26.66103327141535,653.7275541024748,50917.5266733395,54.808703416156575,5359.351040167468,93575.56865983979,494.1860251086699,404.7137442314074,1,1,Brute Force
965773.8668398988,70,52,127.49072676877891,20.703978602152308,134.56999803953394,1444.8059793658672,11.596990505321143,688.2375945720628,38823.700057725684,323.2619304323917,9352.234138042446,36338.62398290154,504.9282158759755,53.04588980645458,1,0,Web Attack
585645.6074227232,82,57,1090.0315555698198,29.809659446897648,430.98385014517,523.2482435009683,33.498035793389356,275.49789355044834,50800.15853748621,401.3124579454077,8552.233075837185,43197.53392927142,333.43538351648806,344.9118464488187,0,0,BENIGN
508217.98946332885,80,30,1488.42915630338,25.165873358812764,321.4227304954015,370.18133571109286,34.91320936613281,659.069561206262,23468.88979586055,200.7120269375588,7154.216400343645,31502.05667125676,272.8630867550879,76.14512353382763,0,0,BENIGN
732865.0534386883,32,54,519.7623356405703,11.396530102097433,403.4955873083927,303.7295789943204,19.42522936128502,575.1734227079643,3076.0713528589554,9.878402367731288,760.4778724435472,53570.64957219393,689.3858632209066,2.4422330101259715,1,1,BENIGN
841999.3297054204,35,66,1002.6617854271121,20.427319377887297,402.55665113630954,1258.9531654120115,30.235455182712656,407.38569975748317,11252.429346666553,115.49141901847669,8017.3792125835635,52943.76822853987,406.0077465667156,340.28342068035755,1,1,BENIGN
76287.16175562445,860,81,440.16146563585374,32.04656268700634,326.65588175602505,1358.8705695231495,2.787627869204785,84.24530917725814,92707.71559413068,12969.801373800336,3802.19757091884,75508.49087747012,550.9683755951673,265.60052340979814,1,0,DDoS
1732073.1767231133,32,85,1281.7470118865174,35.11389244066257,457.56574533927215,998.0213928851231,15.289492800579655,254.16165210704216,72226.11638046932,861.8889615009066,6544.234754027918,51163.94515854846,160.78282280157038,26.72935630240908,0,0,Brute Force
766327.4407117883,10,86,486.2468053808278,23.719308038697285,448.63947653387635,46.880141262472094,2.895575930572414,260.6798414893756,88235.28459397443,147.10025340428857,7111.834361300811,97336.9229495672,640.8313400452779,121.47268084352197,0,1,BENIGN
468195.12767654867,84,16,976.2479355150299,16.545782589107954,262.5377787202483,587.6451317647909,20.35767124037145,282.47338670333363,96899.88942202173,933.0843453008384,8708.007967461064,42188.76525391011,565.389344694774,451.41465351798234,0,1,BENIGN
112474.81071732848,46,64,128.5972806679962,16.53369839484769,455.42735414439,676.6285822131255,29.94688701003963,669.2229654544375,77147.18309591449,38.90906651702093,1949.3464167552625,53665.38485128479,750.4647507372889,417.47838752605844,1,0,BENIGN
429504.9522889947,89,8,269.76251169086925,1.2427252097782526,759.6462035899929,391.44037506871985,9.597956148945253,103.36808086425725,92857.92441918347,579.779141228278,6673.698202682285,91158.57295743263,302.6713283646,310.75365556904205,0,0,BENIGN
831262.6805094335,71,83,551.9383295274345,15.0724251109685,445.5013695007204,40.351866840296445,9.649773441521114,198.25617454224297,25123.24638030137,805.925251949188,2803.941826898967,19160.216991794314,423.24023020270397,432.822518186366,0,0,BENIGN
356469.0953760797,52,81,844.0081952544001,32.6717347829739,769.2900321830178,1197.2872160573609,24.152123153750136,414.9396069198092,4102.90172619184,984.3235466161599,3840.976414524675,15231.299109547512,546.6987301013071,142.14414454772967,1,1,BENIGN
445785.2479207789,12,62,426.8519098709468,17.945303664709368,448.64601772913835,1008.8920923202575,31.35887402022358,340.0535349874746,64640.089715249946,150.69589197321227,9327.15452441936,38312.050054036146,594.4362807020932,10.170540941088824,0,0,BENIGN
878264.6424855733,5,99,722.9130660470088,10.91175570799383,392.29907759284634,1336.243366985605,18.204969241310778,462.4931329764835,40457.23070197805,460.1711714850052,161.59024847375278,28381.713540945995,371.80210852378656,316.89848799636445,0,0,BENIGN
388159.9254706228,2,27,1389.7616528501171,20.869729031636584,50.191184942813564,68.39153729253806,38.918465398081665,208.30267744366623,80580.26805255003,58.36947403041842,9212.415739578546,87442.95619663117,474.0308034502312,4.499328641627887,1,1,BENIGN
460118.110335887,66,19,66.80324063886698,26.159768856809933,510.1247132948077,492.37679045978865,3.4317713959795793,109.11094193391126,92330.05232382433,689.3103932937146,1279.7551115696965,35678.74969919755,490.2870753652133,417.78585254532436,1,0,BENIGN
889760.0153963505,76,53,1497.4216777099316,39.84654772681053,185.31999348752376,496.60202963506424,19.441767939386168,544.7165100723971,52851.94015547955,969.4445249853436,7242.651750714558,21212.36448980361,119.87413816236511,344.2006453546784,0,1,BENIGN
311105.56359361095,2,92,205.37383947444124,30.915223098540725,413.8195446570772,1185.048529833671,23.357061567909653,102.64928673443298,76588.66843684779,69.89250494626026,479.2230188487629,17243.19792235488,611.7747352631926,455.79561390306327,1,1,PortScan
486493.7429031603,57,9,1476.8135703863063,29.450157918418487,628.43087225251,998.0563513454656,18.86652731140641,474.43704695448577,4735.648312911053,623.9971134810711,6264.720038850597,89121.16773220693,424.29883164696673,38.5721870430305,1,1,BENIGN
23933.49368651888,850,98,434.70894212355313,32.91040972129328,433.9261815102658,714.2374630805472,12.577364232456215,481.53612584001024,73015.92285858942,8219.83623344524,6295.899738152838,69934.29898631883,580.4525809316173,25.983049065590123,1,0,DDoS
262489.8400880448,88,13,1234.0619685856554,13.85064166138994,653.881862832543,560.3301289778601,4.037907265441625,771.035061431538,65294.94132002246,456.15391670992545,3983.755781795086,32477.286372483813,785.9001725261382,67.3736325654537,0,0,BENIGN
478051.745099806,67,2,594.6894648045412,20.077423231234427,499.8541526126852,857.4401764948467,19.456201421447126,423.7489311079441,17723.54985174583,812.7516310142489,5422.185596210744,13116.675371853262,622.2793972029112,466.2219891886754,1,0,BENIGN
135603.32187339797,10,78,1376.0216667027892,11.733945066803582,412.92770290450784,680.3726964718797,30.412466044176956,359.45331516820033,94360.95925037599,902.5436292503116,8722.88990817537,7135.120681496307,689.236126780994,390.81772272160526,0,0,BENIGN
101253.69513638942,71,91,841.006085584092,38.935771657441734,373.4003742038431,829.5059527555403,38.71879187079822,233.93849386841532,85861.17823456647,546.435828165015,5699.070381483477,34323.95398215628,466.80411433485017,36.57125473914197,0,1,BENIGN
887619.5686610056,28,60,248.52320131084858,27.8352629747394,165.07938998226217,1140.373552692766,38.72448945624466,632.4601802843989,2342.679918289335,599.9257994739694,6957.152602987546,82547.57799637056,82.56175479364012,240.05391397614318,0,1,BENIGN
322517.56472967856,1,50,1396.935046462502,25.136913156706914,340.1583413763112,410.8852859865195,39.28540737744602,787.0951985380324,92505.19712867997,785.6905829628314,3264.5376420187263,81701.87834492809,350.6826931260911,163.3865490775226,0,1,BENIGN
48657.867023332125,78,47,1347.640463473199,5.046123851512672,133.69578486383372,255.2807966933557,1.1894504517841042,94.51612073933038,66020.999696221,431.64117068459745,7638.394640209256,99259.84588098021,540.866357635241,25.22778531006187,0,0,BENIGN
527543.1949638057,41,80,1290.6540108883921,37.10698165998077,761.870196169638,850.045662894827,13.640806890241354,771.017304504479,54785.8999595224,64.34629768231558,6431.337735098052,58772.59819199713,1081.203875099965,326.5935945789062,1,0,Infiltration
801639.3240334354,17,110,467.67079696855944,14.941611852571821,549.1771423134591,145.0919949564497,10.267223666010539,582.5647093814144,48053.849133477626,402.45332545794867,1523.061647780141,44190.48495742848,938.5888466666665,132.0064230359465,1,1,Web Attack
97262.93417721093,800,94,215.08591403361,12.829323693786922,699.4076271873698,379.5493884149697,24.30783613990432,346.03011827303834,20863.587769822938,16268.511057506465,7430.884451892246,66162.49068526695,219.6158086042509,48.92850135822502,0,1,DDoS
188466.1708339395,99,53,157.83434312321953,39.71083946050935,635.5237600045916,1386.101714909152,7.802188889454533,770.0320876058107,14351.169712168892,509.13092038361447,8298.659887326468,34986.83741761283,362.86968521444436,64.09255514954893,0,0,BENIGN
67556.48153831948,270,37,982.8085667015066,0.5406908679888023,163.24975262426292,1477.9755583846809,3.0397402526332717,555.8790489177861,17690.655039868452,14334.938278181304,7062.844125590314,23427.56398821114,244.92214340659518,327.3853568010441,0,0,DDoS
731706.4308276031,85,61,1289.239749651622,20.5867809620731,120.33245894826852,1053.3456069552371,20.766521582981618,266.52375456405525,42311.6840843631,298.40790981314,2637.6280990704126,16369.206000162781,315.70302118448166,125.49360315803537,0,0,BENIGN
50189.00585313829,860,82,1268.3559897488303,23.190658297370923,510.39072370020966,453.01342828809317,35.794768028220794,58.396593761122666,34925.386697340284,14436.56483015402,810.0942016149008,18325.121047554978,487.8571531757669,279.99683573177896,0,0,DDoS
257333.4411076359,32,6,1046.872238702003,12.055671830654369,515.7477745776448,259.79509857084804,18.761601866638514,423.36280700821203,58549.27385568429,513.2186993289313,4961.950794584852,33280.088056845714,94.09697960174555,44.76009839842116,1,0,Brute Force
825152.362173853,21,52,833.3725442094656,12.19043651189303,178.1744339068818,165.4291667761179,28.564765636996636,189.13805408277028,69038.52788346089,390.4374084023492,4163.5902618866185,46923.05783431624,319.4584661769328,50.30998861129504,0,1,BENIGN
66581.78230287241,180,1,711.7498347742244,7.737889120477499,199.88278196267518,73.64874907364681,35.86986199630979,200.13706545692872,22830.634305952684,5593.469450037346,1282.8066362373359,63929.89568930447,97.1086444149658,67.10121316317513,0,0,DDoS
707977.031918519,85,23,285.58819495297075,33.34296438582947,188.28270321839963,1343.2125389444545,18.345995923243038,554.5023317563816,49774.36070327628,94.08153032366036,2914.3158531304443,98373.34808116063,770.1432112690612,160.24344882777365,1,0,BENIGN
1221996.806964623,29,44,585.2291030723358,15.34138049735908,675.8313598794201,990.1509484364767,24.56675401275571,293.94869701173525,81808.6272655607,38.460024969565566,8709.26375165775,51279.86248039502,342.6701784961937,248.58364035884284,1,1,Brute Force
8107.339859715482,59,52,241.83852582572337,17.578614974337686,417.2053061761279,629.3241739604775,27.146403753075884,359.88136185701177,96145.61602687268,599.3175900718095,8076.704577162571,10944.49675191679,341.94138263888834,168.42385072357635,1,1,BENIGN
78430.38394023047,7,147,1281.4638539100943,8.514003441534296,548.2524733818584,832.6020732467756,33.315743795489176,135.06757147566668,13065.318275688867,556.8626784422797,9464.322747050126,41505.625859491716,432.7139942903523,303.34466159894293,1,1,Infiltration
1990968.124744293,28,87,752.9320785257338,13.508765782488684,457.4440549448164,1132.6068168057848,31.357143538112,286.70268655367795,72143.81089456634,657.8230011581825,9591.531797042975,93109.7181478964,639.9282874587185,361.6973444274642,1,1,Brute Force
25952.32261509695,210,19,1260.4658154241015,5.9453286231154,386.6806432510651,758.842088013055,1.465187903952776,188.76698245660566,82691.56861472806,16615.68623711802,2931.2266880036373,87490.97448744664,626.5550336919443,208.9537418977047,0,1,DDoS
459023.82109354227,89,118,1251.2799558152753,28.157466681380615,758.7118881586115,637.0337642047411,26.478793578025368,393.2896334180857,63095.81086112349,449.65394611713657,1894.4361417765076,50794.662626178055,662.5859896386843,405.3019241300805,1,1,Web Attack
11347.57568430173,330,31,770.4455282775916,35.76398144424637,739.1019099392125,120.52862227860678,32.82566241417915,68.65001672122966,36780.24560693276,10846.91491247034,1489.5269782850032,74633.91811878199,46.34957517082532,84.29952421701842,0,1,DDoS
916651.4383836468,2,97,1020.7977345721043,15.773645854026572,40.976163400369074,215.43251775400805,21.382181790241567,553.098713241759,41803.0835612566,730.7059436272374,522.3404330368465,7426.877797475278,185.9323507356411,419.99911162197145,0,1,PortScan
886953.416671779,54,111,586.486750373234,9.25256729049174,598.4863955796968,484.68003478130987,7.041587286198827,637.7596741987294,31323.11085844855,914.4502853143896,8407.920121743062,84765.55654763042,939.5894877036419,440.4407118873683,1,0,Web Attack
29589.3136310005,890,32,619.8928540230081,9.811172198974694,380.789959172109,507.9828035374835,29.77677015253304,778.1271330329757,43859.562304094914,17220.945932644863,5662.972104860599,15731.994152772406,564.8732839818196,256.7172485629101,1,1,DDoS
440490.52719898045,50,79,1135.976760851216,19.54419703511939,498.4488231000524,515.3484534777567,39.34389198955097,547.186883918301,4480.300564413326,326.689243557434,6236.911193252984,5642.764447145988,87.22797810382275,225.0121197639013,1,0,Infiltration
262767.04054901714,61,86,1046.149301191293,20.58284465071202,192.1172005495188,506.60056233959756,23.672316306533038,94.89430468708316,14830.555625691337,73.33827954697936,8125.050153814048,75243.3992288688,612.5178282282354,358.162671738014,0,0,BENIGN
642313.9356907642,7,87,947.3380570789055,31.115108221475086,420.27235389213655,561.969459503766,11.097069392039165,528.5295581231826,69310.83974312789,870.9805031025563,3429.9174837852975,76979.5330154847,466.63042638389686,441.4182453390396,0,1,BENIGN
577919.293732765,31,97,1448.448099089553,2.942534168630626,80.61029781717303,1408.8234926147143,21.195025020728245,507.32629107087143,48294.11779931341,93.74808686221374,7683.2128904024785,74724.9922624078,276.8945243345371,153.1196226142002,0,0,BENIGN
881117.0378417302,19,3,905.7577317230212,37.439767160071106,555.3731011678512,645.0675262018734,27.581368356216608,301.4245236004413,27798.115793283694,996.6836096068862,7510.394409486079,64475.550538407944,310.02012884668227,24.580414577524078,1,0,BENIGN
762056.5177669472,83,95,1267.5462050311073,1.3370613237288653,318.73157808371445,386.12277111429995,17.89091872628488,95.00605882753308,95417.75099295015,223.333075529254,9223.854677081012,42595.05657211781,788.9983412739657,277.02919173010537,0,0,BENIGN
748263.982300282,93,66,243.99202778927295,3.8450340692860596,362.67518146132625,1403.1712029540854,21.695462407617548,440.86691242851646,14198.499218102255,0.8894321421094646,8103.299506547158,8766.58055299396,521.7258622388463,457.3082272575957,0,0,BENIGN
7879.070684983872,440,56,1114.49219835216,12.049251791756328,392.1771666915311,915.1685913603277,6.850936426649583,603.6447421493918,30333.770029617775,13248.112454535243,1591.2476764867429,68814.88474404297,137.4229353359509,212.6782481349918,0,1,DDoS
262108.80100642386,1,18,1342.0575086536546,7.857652608911434,506.52291820587044,168.0677569111479,15.661483984065168,582.1245144209669,65976.38236030664,624.7381993396673,283.25832279878114,37808.714693945854,118.2390699722175,359.51141021680047,1,1,PortScan
298618.07118956576,5,85,77.58391823093565,13.64191491322494,650.5114758737055,1350.0558037946182,20.728732625437097,386.18128836660736,3179.379408067088,879.2164171516241,139.97203212446846,94475.56052021908,617.7065235044233,170.9672467873633,1,0,Infiltration
581466.7523796002,19,60,1433.7746346456977,24.143249884922504,749.8030173228659,336.98298320953995,5.87576655651731,690.4254094141668,68123.62954046341,186.65984140371597,2700.9034096287423,80068.38751311587,384.9401511969114,335.27025325304544,0,1,BENIGN
990713.4873672427,92,30,779.4263104733104,33.77609372762129,221.80964238605205,646.2120847591228,24.603651494799532,405.7029951210779,46004.27643037471,362.5734803489914,5870.596814471502,62441.02606538179,536.5000510850356,35.18405395301466,0,1,BENIGN
541032.1369045308,71,104,699.3929334575033,34.2691978602359,757.5120373070771,530.4813839332435,22.427779255027204,112.24296799274897,20126.85787185926,413.5244201334891,2069.9651318587707,87657.28347396386,240.44633190737179,227.830410776546,1,1,Web Attack
38313.10627895341,780,62,385.3891708082061,29.199728985798544,140.12528772029276,1033.1471206119231,33.69827944473654,213.63839769693803,86656.09754958574,668.3973423912902,9128.745980011388,11845.039162851288,530.7769752329048,125.04123445697091,1,1,DDoS
135327.6671273767,55,77,1005.7138122551277,35.27613139053838,351.135739699398,463.2257921194351,0.5806037811043518,476.8776687735049,40287.24926640021,374.71175409292726,1837.5238596292832,43011.23396567552,788.1758847233599,148.87707683612217,1,1,BENIGN
749182.9073942141,1,3,931.8557219346015,34.85058741080629,51.74004507713924,676.1721609912291,8.970936729676211,335.3605407031176,41657.36183672664,746.6962976901583,94.72805052304771,51263.26447421972,468.7880417670464,247.07880177590218,0,1,PortScan
316670.77458393015,62,27,1210.3981811537963,17.661360415155876,412.8663176826313,1279.2006745107187,28.24232458552123,412.7453504750364,25843.795254099048,884.9382541702821,5774.4338128886775,22122.54953496823,244.53101200488788,401.56654446812297,1,0,BENIGN
130438.6445468203,25,137,167.8603371876151,32.22701516170817,548.5795756713487,1109.3645303304559,17.28852750340094,556.5916049613362,60941.99157622089,769.0032972091067,4473.230646337839,47287.834233381276,793.6768939233949,54.03874683319415,1,1,Web Attack
37648.564828039605,51,131,420.5729185406685,34.13385990434895,696.2535023517419,1167.8829839733148,6.753344266102803,664.5691090331923,76948.13086823451,596.7633178072065,3378.648331337838,26258.235340611744,198.95370177160925,254.8785334504357,1,0,Web Attack
475411.53177410044,23,10,985.8205650436761,8.381384958005027,150.2802357813022,1360.3964566116642,38.752657659335064,793.8385715629278,78997.20119608998,663.5357191983167,3463.845219408049,17148.117249351995,100.02525551833608,346.648734275746,1,0,BENIGN
1827547.2536069364,49,92,1499.622257496815,9.762560438690052,620.11378756128,896.2308880672045,10.449805298143296,786.2480449380765,89800.02066694779,128.602816877272,271.32183981096426,68836.19292564435,499.13927793096667,467.90781205557295,0,0,Brute Force
16172.153001521336,430,7,264.4739956702604,36.869066778066454,615.6764785495583,1108.2896981758013,28.36722815177619,192.25826403329617,21179.568501581853,13766.483382548246,2205.030273602865,43872.78296333685,634.3213874513955,391.9762590489205,0,0,DDoS
838637.9340184369,1,30,373.50174437029347,10.9604712154219,279.27927811063887,210.53399729156993,10.926384814797805,199.2346104775244,45587.342105879354,908.4467041174777,105.37583643720411,72029.58971550009,562.3350833539771,47.87709933167883,1,1,PortScan
62541.286444387704,20,2,1052.5243620876277,1.5884483028898888,677.9501085830467,694.329436651125,25.46771657431767,208.14074305307958,67739.66389457895,772.2630518656873,4737.399736975143,61776.51513693881,386.8077021050229,447.04568462892274,1,0,BENIGN
1602743.846128843,25,52,1127.9114223486179,8.542692013447692,48.11093876511393,1173.7739088064213,32.8659733552029,85.20492396237606,61129.66146362381,378.2689631946906,7941.017595393222,87442.71127410588,686.7628627659093,388.60212367542607,1,0,Brute Force
973048.0449792097,17,65,431.68298986219276,1.639128889995618,575.8480959960881,698.4402938665818,4.0301137583830515,577.7173424233125,3214.37342028093,870.2096708231929,1395.1387658419042,12739.914755885033,173.51094645612423,480.13317924603325,1,0,BENIGN
795390.4444683595,21,8,382.3466499034281,19.225921132496357,459.3898374859681,962.3912717330229,10.28474015994778,760.9771014862729,17058.87397089287,965.6566094489357,158.41266384996285,48117.757924766396,293.35955696858775,224.5617069651254,1,0,Brute Force
715464.6596562128,66,63,1256.5760717723379,9.998359249579822,503.24166741308835,894.3843866735666,14.78951243490755,409.4037318460375,31446.8361162423,141.9302131772235,2145.874094520701,10560.309503656097,559.1328771444944,330.36369655457577,0,0,BENIGN
52140.634172255835,1,22,584.0034512225365,9.213713284094048,466.3651956753398,236.35555548343336,12.807448776162214,734.2179708414484,40981.62547116041,748.2588931218598,114.34872951486744,24763.975169097048,653.5826721122801,381.49646814484703,0,1,PortScan
1208840.5620217996,40,66,954.9216130733579,27.39092633116794,135.33575618239522,1188.2652300720226,0.7224087903984211,406.87357448235537,33168.52432354,740.3290295930942,3134.479666943941,82682.44320697547,492.16465147341603,396.946680881036,0,0,Brute Force
654975.6104568648,25,63,40.35468427438859,5.077442306967055,749.5476871546715,1306.3377731084224,9.344361281449473,631.5626474545733,60896.30215808003,970.9076209787245,3742.3205387452504,68149.24664559195,88.28714904217813,198.12367340820296,0,0,BENIGN
287950.7153845111,61,51,92.86260177158204,22.045653447789352,578.5974372690479,207.07971873459823,12.217310643514834,633.7552848749676,36655.35159781618,241.67830179383586,6725.284629015471,19683.910179388844,720.6962188832144,52.79919801307048,0,1,BENIGN
869942.5694407539,70,43,1029.7265810042882,22.882185567255256,404.86850810243527,757.4546046116958,28.87907847194123,752.6836577504648,9216.040745992905,19.60069734575918,8058.990876887223,10825.857061200426,789.889565021122,309.6741244794186,1,1,BENIGN
240388.27906564478,57,6,1474.2902095956472,7.9212378652437465,141.93091325944053,122.34598233075408,34.73188072645311,263.98328361091626,281.02218353824094,223.89570424782318,3411.00639019319,99098.70708797355,437.8916113313821,102.35697379755065,0,1,BENIGN
19823.77388852917,70,17,1054.9868311666883,4.810039462829385,215.35805022065028,552.0764556702908,30.30939778009175,482.6247332996343,68931.09850035797,567.0556241876302,6839.088327966471,294.1869448606049,747.4825897222864,55.46011543740326,1,0,BENIGN
435287.194937623,1,63,722.6798648081995,34.99757622410685,656.2293661553259,1472.2400020860773,37.061911230039016,722.5741143817878,73187.27361789488,367.06144745349394,107.01929314633753,68867.61877591636,783.7771018168534,363.3022186659345,0,1,PortScan
97708.99865909544,35,15,550.8473769252021,22.052695626512566,313.25278983520263,223.6714110652349,23.573265797909123,439.10704734491856,20379.0565632006,451.92385774781263,7971.505565116302,59046.70604975805,113.65716857091608,274.01074861456755,0,1,BENIGN
629154.6668764034,2,99,1076.8529692216346,27.093673843260653,58.56443103488125,641.151594681755,13.318009878494932,548.753168832769,21691.96764986098,590.9128357819611,913.2927558523581,79782.25919713869,740.3078795245631,489.252983466345,1,1,PortScan
996089.1183917858,48,40,303.7675403975177,5.201050226005304,289.0177723995478,346.8567194415281,19.907518381910883,401.7757372288911,90160.41138318519,34.836473450037005,3205.596970910956,59669.82262078905,499.6493390014125,240.06311450710461,0,0,BENIGN
815506.2168035778,75,71,235.29061481242317,35.428076541619106,533.4138724511322,278.77670276324335,1.3459889359610644,147.24333273281343,60918.91622202132,179.37830563652244,2265.3731180015307,2523.721178373855,589.4273109013387,405.18219987971855,0,0,BENIGN
903310.7972760205,42,13,1350.3917886702222,17.886420181226544,372.0856944236103,1185.423317279947,3.7319142190697407,435.8642678425132,83654.78513955945,830.2095438132644,9561.767234860266,69830.27662711934,197.90567837419354,10.14015744729041,1,0,BENIGN
240338.55824048157,5,76,895.8639226381431,30.570226960965652,794.797118728522,1147.121821127357,31.74529657022324,508.51026745388606,98593.67363110477,639.992389476059,8603.930331133046,94579.00677763316,746.6924603804264,190.70767189167825,0,0,BENIGN
59317.383066067814,52,89,1056.4832967370576,8.24295119748701,375.33454850970475,134.90115186537722,33.0123360969193,135.71488719610045,90319.44095422604,864.244179201331,4651.181816748068,74439.37674835602,510.7782561017965,401.5378211688724,0,1,BENIGN
462510.57138344145,2,88,750.1032672047155,18.50477087734918,636.6546147882697,1239.5034299708234,22.17956457284683,176.6463382562573,46829.047272662196,968.0756956593874,753.233206846146,81118.14876187443,64.9473791026225,233.92973131707996,1,1,PortScan
834155.2466575328,74,131,328.0783970410475,12.690208657988,254.26645933118618,815.0541900611747,2.067427196445273,160.48748045994188,81288.03503324067,132.69073034773638,2341.6287318866885,45342.52685435969,649.5178124491968,381.8052398070793,1,0,Web Attack
618384.4724147529,2,51,268.24390005354434,17.481349017990834,341.6359387476701,1125.57463367045,23.229485591894075,334.9811415617095,17158.952316693525,226.91441861526258,575.92551745059,42349.64610193025,431.3449067341108,85.33871765111684,0,1,PortScan
1124844.2850927273,24,44,1066.517099488772,11.65936547370146,397.48239121249856,1436.119095569714,30.668209519872597,776.8632251696208,74650.8090801142,175.68257969454655,654.7134796083155,57770.367057599164,311.9380925739833,137.72895506908512,1,0,Brute Force
931541.8956503464,45,90,560.2952911223827,33.29994803943865,686.591652652822,658.9385811433127,2.6589252083668624,41.20432979441848,52376.9170426106,344.1410858210187,9971.347622642077,77243.37585273215,618.5693468263134,477.62138414367183,0,1,BENIGN
166070.62288171597,41,3,592.2798847769945,18.926906065238256,519.1022757688684,1365.4941083254514,16.763510146838637,635.3208365667147,26907.14514833828,698.0019937445212,25.778416568339573,87152.00627692857,63.088480765391495,356.3768773812921,0,1,BENIGN
497252.6833161974,28,78,320.08072731747546,13.352596468369494,593.056841246335,1017.1153551662865,2.872583350556628,607.9600274353936,5399.283531583133,542.9720964608745,2608.026852941485,58773.13585470629,238.60958091508542,492.47898481291554,1,1,BENIGN
278537.4443862545,79,88,968.8794898572434,29.227363896831058,737.6879876717063,1371.333827873711,29.5578338631491,190.3465659194054,84352.99473543305,203.8556565876446,7431.559152843335,68563.45062382199,616.7555261067395,266.34284035690786,1,0,BENIGN
101178.48531479748,27,97,470.5994582736419,0.6105935858411904,207.29822559012027,451.62785113896734,17.743988052727488,170.03788359418542,87338.1102334981,704.940641618063,861.1527708210232,65012.744189481746,805.1683831024072,478.11058682181385,1,0,Web Attack
927798.7002273779,15,36,1092.0561722811306,30.630532841901598,109.5270480265318,790.258718776221,9.263319651559975,177.7257131463491,81049.29958242092,135.12463286687935,4691.829853593888,93858.43817620745,181.23236222966034,488.9967118691173,1,1,BENIGN
170225.7259031402,3,51,491.61336756300545,11.225423195060632,778.8945790044318,263.9126480269887,29.33311634867449,40.3118199737729,59658.648673297444,915.9514096536569,2886.461599991258,18560.74226601934,535.2766441076045,356.3007036491966,1,0,BENIGN
252277.18191911496,57,21,1388.017282074097,18.292664395712812,683.1073382773238,700.3922773460722,16.975560722900415,159.13984017546395,42697.96504354809,537.463196905947,234.8182310125778,44416.85938748889,633.8307259803522,340.0230281871349,1,0,BENIGN
18130.206624247487,49,93,1189.5293186781723,21.65341530805069,286.1606199610882,238.92582503428767,35.50252287264765,397.77941821457824,87823.70817887157,585.893537220925,6745.179244983858,80428.07282630121,811.4373208441531,199.02742033946885,1,1,Infiltration
747425.8626866938,40,93,179.70756944468167,36.58337740886991,109.18759935853572,986.3853990748916,16.527779152111908,348.27073659413617,67987.22847361112,67.18702325661573,5941.120771684832,77205.45827937576,669.4416959938115,85.26519469688765,0,0,Brute Force
79206.53865898564,430,7,155.61215729859373,19.512913495275242,279.08197537513274,335.04142091156854,38.10568523203445,377.431042899943,17553.388345673684,3974.61575231742,2814.2903272212943,99931.63365628938,243.68874039489395,164.40090228922682,1,0,DDoS
215882.67063458738,82,83,496.5166909405766,4.2366275851509405,54.171405675235,1214.7768781086288,5.515797696583062,629.7424058595841,79774.49365076731,537.9657343766102,3103.7227635463846,14511.823047651347,599.9718811079593,300.693492990893,0,0,BENIGN
927524.2640062537,65,9,575.5365923044083,16.108465986068012,41.03019861844112,765.7503916521638,30.112359780440396,665.6841763672269,87951.75963125785,487.77009642853795,6310.055543391209,7961.176132516911,410.90905045412995,77.40787743586763,0,0,BENIGN
423598.22318378405,2,58,1358.1999047119739,15.779385253900212,785.6597087407786,1148.1809501547561,20.45924187153533,529.4600922050774,10312.194696081255,844.5370791605235,5827.750976089019,98606.88734615808,523.6858452521653,417.0557916331625,1,0,BENIGN
259684.66417068834,72,19,722.1723628369023,9.603388077465755,719.8943837467386,832.1198789589431,39.13777568614278,655.61351131516,55614.915553155406,947.0455741165448,5053.699402802117,88711.78018674186,312.19003370881217,189.32119170204703,1,0,BENIGN
553534.9211718042,98,37,1393.7214385946133,23.54344389397017,349.88180430561215,990.7183626856826,30.718670312392206,770.1533470534647,50004.9613105315,112.1873004997237,4413.250356351048,47902.2664397326,721.7154994211122,197.40038423147655,1,0,BENIGN
973783.122928831,19,59,1352.270447217266,37.244818077734024,770.3759111815621,59.09173989493768,6.8680334620123595,536.8610223508595,2644.7219043372024,63.70263527688308,2218.5779481974846,51248.85247670098,454.8859450427737,17.130561396752174,0,1,BENIGN
593981.2268813109,81,28,622.3084614425771,36.176057460678095,799.1634581550908,1481.3331040534663,35.2669804114749,339.9416668419588,68688.77177827094,416.6505685614203,6488.784997973787,30950.152772238627,500.7137127438523,261.87924827642496,1,1,BENIGN
11996.6424619311,2,74,48.64913556284346,15.048056531807926,88.00200140474587,1373.7260115736121,16.627171806514745,389.21678889695164,35050.0385854764,627.5434035863461,784.6237085015856,64818.1928374673,608.637409980297,452.9868317546302,1,1,PortScan
723608.3423699369,98,60,1087.1400772752133,33.3172659357166,604.4683378616772,1275.9793081434766,2.554654933640954,64.03122906047261,25924.206713189436,900.6760175002175,8238.355917329898,68275.9025065532,572.5765872541841,363.33523462910625,1,1,BENIGN
1246856.0959766896,42,24,559.7138506150653,11.36416596909732,173.827858837329,1125.2660538058587,10.082795474006861,385.1672773275005,38647.358738927294,982.0791708977673,3917.011519040723,8007.448454847512,108.26757195478386,295.37686067653243,1,0,Brute Force
233328.36609726536,61,76,776.9196340553135,5.981972742277781,118.91793344430496,220.4158362752561,4.041129859650341,503.37822860793744,19728.61697505157,251.50500917224468,1743.985720072883,95783.95209180583,689.5092719953949,115.24741867576044,1,0,BENIGN
491926.77186487766,47,94,1020.1972929893217,20.926325992705664,722.9655855088384,280.01331911948466,32.16436984244527,641.890370994704,12805.400802767004,398.6193682217132,1709.8248850337238,25479.502840750316,240.0670928712137,278.11819701288636,1,1,BENIGN
126457.50493281044,90,55,376.73241471282535,30.914957455274124,297.61714389134426,248.8988373092783,34.3155674098496,274.734283419712,65919.65488226153,566.4870407181179,4722.845530814834,49586.98907012743,894.7512220652079,43.886457061720286,1,1,Web Attack
57882.41820016217,96,102,512.2921319989932,0.9258708766003343,420.25357831377704,746.0691498574328,6.3132290472449215,620.8862401570948,49318.165598069194,339.06007076455717,1477.6200011390404,55220.561088831535,918.211409741243,140.99967634248583,1,0,Infiltration
155427.76817976593,80,45,923.8016967985765,3.483281983657145,67.75548832984414,945.621432779334,11.771750959549632,105.69877241178288,75966.927625153,314.11259861734237,4601.399500885854,23688.924616102388,516.7609795520531,150.74420767717973,1,1,BENIGN
136808.60414582843,1,75,602.7148056056227,21.369884428815325,679.8673126042326,891.7961421671826,2.462267103999971,538.1159295701698,925.7032647912538,779.982464494339,666.9694363388307,30885.477978675073,262.255771488032,399.13649827315277,0,1,PortScan
853644.5655351043,94,25,160.69387546035176,5.04678360594947,180.9129815486524,787.5464649461849,39.68967659444488,535.9861853279887,6223.749565477437,525.6268161248355,4971.485671771149,14425.339903646769,739.4070002898299,220.3826238376845,1,0,BENIGN
607996.9069133409,46,94,778.3837555989488,32.6840853201046,694.3667041940903,938.8116191573649,0.5102591882972218,568.3745383682791,41858.121770343125,565.6009274780644,6494.315214168655,35030.1590665644,736.9948639305636,66.9874333748906,0,1,BENIGN
924658.6402946403,59,75,178.53097601545898,13.32030532208977,323.91037738970124,352.8781055914028,23.404866437084987,376.6147145118923,3514.141345204633,319.7200970490751,8106.224806595973,68973.25647083824,590.9018487207092,349.0584620417618,0,1,BENIGN
272539.9373146927,34,91,1471.4873647632837,19.753880589662455,47.372269741512085,244.4654257159744,12.883223012650632,479.7248649306418,7601.855215950865,943.3629629800106,3657.1858961111634,91259.29595030306,633.1965700953366,377.71863625779054,0,1,BENIGN
63803.94348927265,80,12,848.4432178416074,39.456560739315556,596.540831243529,1174.3417270530808,34.898512603346965,203.88621967164536,8472.035493596572,9658.922943098776,5145.666149236539,82919.88617719227,377.2755202545751,285.42651277215634,1,0,DDoS
615253.3751072543,16,38,1093.374192772242,0.23712861347512604,490.2549741028292,1277.2129569966853,14.275995486990194,122.29991092701678,42145.6372493463,727.1317386136011,1081.9390916030186,20612.79553568687,152.13940358981193,398.4738777876124,1,0,BENIGN
36652.027506111604,790,60,207.23613739626416,12.575401642698338,655.6953250663313,428.59124363471767,8.604823881841636,667.2872631804184,98709.52816419642,11138.49804177902,2787.7069958500592,39862.6105003894,169.29904881154283,380.9436394453762,1,0,DDoS
26699.903340204222,86,55,352.8129341410492,13.635320619694284,636.5662676177457,320.3691324477844,25.533670023243587,537.4703053299346,95413.98209873984,775.1834124360842,8038.315120065397,53164.758894299164,272.93012016510255,212.78168285917582,1,0,Infiltration
60774.8340920744,540,30,427.35713621392847,6.729233728147324,567.3224935669224,982.282064496228,27.494898630312264,323.1208641301241,26314.541474817426,15194.907130961145,7738.737476602788,45567.081232944394,505.0471044231664,186.7598321158706,0,1,DDoS
1376528.9080158318,44,35,408.1856934561334,8.148695731106663,298.69247663493735,735.7891976268271,11.842620401557884,431.34641649828694,16620.505508767274,977.7150415442173,1088.1663041002887,93195.09452404066,734.3192886660481,262.680240909749,0,0,Brute Force
559229.9613918504,20,123,767.2693243086113,23.18145476599924,257.8620417781375,575.758434452813,3.3559184251563723,79.73004292687634,25420.367254334324,74.3394346446127,1046.7093392610595,81294.71125533977,104.31601459902579,329.4713969673714,1,0,Infiltration
485043.7853490418,84,133,795.7528461065745,15.278320761810754,468.86880914907096,207.21798775646843,39.879620112502046,363.4224670495053,34888.24090676613,710.2388273314333,3645.3550708883713,83329.09775982548,577.8686257708848,359.77920663271743,1,1,Infiltration
1471488.829958864,33,65,252.1175742288485,12.651693949024976,781.8136453842473,414.9740988679056,18.24508835786533,62.815371545175594,39783.03020366663,571.3628834315595,9531.714878954572,51678.43713355704,662.5215678950427,273.5638212844503,1,1,Brute Force
292679.63315024157,18,146,373.39919670111755,8.80439320076654,192.89145500656457,1386.8483886016545,34.106646124068824,628.9114085122411,39334.23791100034,504.43026622833696,4648.674130503577,25347.27677486167,635.7319726095943,15.248273926377232,1,0,Web Attack
751704.5990547201,37,93,795.0395289344608,14.799955438399097,602.9926990421111,1184.9132816788363,30.531407608126365,589.1849108741817,20529.983435410304,338.03618224255473,4703.755895486913,33085.99121285129,920.631828180495,164.67676212497733,1,0,Infiltration
979916.4413391021,96,21,593.1751518856037,1.3886460873557827,117.57694282223441,918.0596541252726,34.95287284649014,131.0668166190431,45163.81981793647,910.8878169159631,8144.866826879162,51971.592967628334,626.3942938899115,261.3468870222685,0,0,BENIGN
188449.39524386305,80,2,1398.5727308040673,31.987136546144054,368.9291865320013,759.8919962898581,10.624378306656595,575.3082469188189,80296.2905790576,238.9808051980098,427.798021626789,62392.65542686541,467.5092105428406,201.06557751443822,0,1,BENIGN
250656.51843653337,94,94,999.8687176790986,35.802668917448564,338.6425813934283,1444.1732183843844,16.63144248276732,496.82282569884387,71009.49085590996,950.5969538746307,2453.716577782138,74615.63651408184,435.81984546950247,134.27857031032053,1,1,BENIGN
661007.7232676109,48,29,565.4285927216499,37.550405086550356,445.7856147793168,910.0840081572169,1.254462752183536,169.40454421773163,63330.094659057366,419.92838474509307,5086.556266677166,6306.511159282707,673.9427811918921,392.25280114810863,1,1,BENIGN
81833.33801331063,680,45,493.18121913193346,26.244446019126684,199.9509282392413,504.65229602795443,9.602786124287146,463.263077816557,10911.842011878305,18666.34098620608,3341.7884130920393,21904.823009309075,417.37785833739173,138.498909227358,0,0,DDoS
132153.6040879639,7,5,84.2281106602534,30.82570108059048,512.586669088716,917.9850266263973,21.84199727531064,488.6380109670521,93471.73007545134,8.668353889659617,487.5190994809152,19157.426058980924,167.14904879479406,90.59722973459134,1,1,BENIGN
991779.7004468597,13,69,493.8119475001422,39.369628672065964,672.1361870097077,725.9068621906578,22.183875421839588,680.8152196961588,48149.92658002817,206.1031212097261,8286.160940158312,53781.87140265159,156.31237384450418,252.7929155921988,1,0,BENIGN
126142.82581756734,78,53,630.3720677724756,6.478687376117613,572.6216516053963,1393.137795300659,15.015094155972793,223.6046005098334,55531.20500821579,796.2063298390269,47.63926855982518,63141.429865178965,740.0282407964391,159.07609290208003,1,0,Infiltration
789906.7493780477,44,62,817.7589681769185,15.701047936713088,261.45213337575643,1241.1952696234098,18.056306817342758,421.10003907967126,52130.79018102009,448.4220987380333,2568.3233781218532,12042.84061990277,114.88832304748293,378.73126167034434,0,1,BENIGN
797537.6549552165,40,6,952.7132939306969,13.545730857914528,136.1249950853952,645.1422297113654,0.5923544453050056,679.1941867095459,51398.44633805154,139.246094906871,2377.433380705957,44803.03946193128,183.54073093981697,134.29958075054293,1,0,BENIGN
803799.0034427036,38,95,1319.9589516525466,8.65203761184648,653.4658975056417,1145.8072095633,14.2774919179254,792.035169220659,26330.979906452107,254.87778570509238,7724.869054885446,43471.38523192791,291.4041960335928,89.33140266955148,0,1,Brute Force
280206.1053635022,64,14,360.64380639983233,27.098670757378475,616.3905670077755,368.36271700566067,3.0644305704445296,655.9925298056427,97652.54716723664,644.7078188436772,2785.8903324375024,99667.29412919367,718.8826435629788,256.690323140147,0,1,BENIGN
1869610.9795530643,23,29,931.9819275258736,32.81171842436709,347.1234842846474,363.391534246625,20.480935564350375,457.1197342510401,53878.80456379022,565.1172841009572,9487.562133209416,90225.53985339217,705.544947784794,400.70840545431355,1,1,Brute Force
791218.0423684898,21,27,537.3564128394569,2.5633835041626485,176.4201979757065,1157.783034656377,19.741233209304838,709.3080315381128,39784.488933536835,268.77386568069284,3482.5221464419233,71280.05163375527,461.8043109742094,452.0956037762139,1,0,BENIGN
785774.1486143442,8,59,559.535030417657,9.995048406619107,508.3252211835458,768.3543188846662,39.56742299459134,391.3949559522773,7525.721980898551,977.371323871558,8437.433586479465,17833.231894356755,727.4999923657807,170.3334104108723,0,1,BENIGN
530162.5534788118,57,55,1094.2622715511059,6.967367522720669,488.57571002883265,1055.1002340988487,13.754143021703173,567.349323418325,88432.31444774893,472.1695325588176,3835.2641885160583,25123.32855181499,748.7942470441667,439.926024019358,1,0,Infiltration
406684.8549982289,75,90,373.47708388846036,32.88844621230817,264.6577309032082,1069.8295287091555,20.52862967118208,485.2821785480952,18042.913008847558,735.0496958583527,1894.3189852358848,11356.229026367637,455.47641991547806,354.64856845883264,1,1,BENIGN
802698.8947896484,66,14,398.14488690625853,24.60912811200814,376.8168571099412,963.736220449129,34.515171363969,100.69088268251494,77820.64415624659,493.07980161058725,5645.628168182345,65396.59668811186,741.1935933381216,28.359976775868933,0,0,BENIGN
986449.0812541338,39,65,937.3760338195729,1.881562136589916,708.1237701586532,1226.6250058138528,26.592001754683395,297.73941976837403,7143.445061268905,580.0804840521324,7199.748768893766,9433.09264421997,521.6634214468569,143.1830339435793,1,0,BENIGN
129123.88413165566,23,48,617.7758205154092,7.214238731266076,679.5519502872136,56.101534808738855,12.485131075124238,49.57222900876433,9691.093955964656,297.16650955116376,552.1691420398422,59667.08693039054,106.01581006949893,350.8568170330476,1,0,BENIGN
305395.366443363,48,93,976.434143136042,30.805251677156775,147.5796032026006,1257.823132540979,0.325849927769406,201.92358655708466,61647.622882884345,375.30888395319096,9842.091983268449,3043.6212893636402,798.9346076317728,311.813916430658,1,1,BENIGN
273401.5437782241,60,43,1063.6660518200224,11.625718772261244,266.09442919442785,472.6681922456479,29.022729902397927,214.66779176232743,190.4929410844135,715.2653297972848,1720.1355909129015,10457.194706830387,220.5122516514857,189.950261161352,1,0,BENIGN
970576.2752940977,26,53,260.3373347617535,31.70709951178507,714.5474683936392,453.2047701903036,17.518558558502736,309.7962311891487,7347.446597366524,673.2369255912079,8253.677418708845,30494.886945546798,792.533603159346,37.925778641177466,1,0,BENIGN
446657.2409165452,90,4,417.6753897500855,28.622513093289296,588.3981598246204,452.2997807545074,33.41225843433801,280.8021571742508,72536.80308625558,121.0876675353152,1695.3294116094191,31586.406494380033,491.3440634275747,322.75574273934967,0,0,BENIGN
373697.288627515,47,67,465.1860451242831,24.56734895938157,651.2834478338511,1352.9054481930846,24.95013537476931,44.27979768852084,18713.045974201497,99.8162312329826,3639.6115109344105,50140.08585343826,72.98185571970625,174.23898789782766,1,1,BENIGN
46432.59420874076,390,2,148.19877397856683,18.58899212322686,507.8650834609928,178.76782964606096,38.02137898112667,785.1149137769332,54591.12386970995,19001.482967157575,1802.657923432722,2551.814311100694,69.95124682069635,293.75623971338956,1,0,DDoS
142019.01743832263,82,131,950.7073983502452,7.560691309859888,396.7704952370733,1091.6714580586975,21.17742962165106,340.57169789951337,32301.611962286268,610.4328272573892,9391.695896119303,67177.76659934357,145.21033014539967,230.3424867410669,1,1,Web Attack
988876.8245663296,57,34,154.28074186561875,37.336532817982196,315.9807685971913,1273.2753839307593,16.73533350853086,375.04988565391204,63460.884788656505,774.4999715340557,347.5536179730039,59319.66799275816,181.91707551400194,172.97475893160146,0,1,BENIGN
334202.99823498575,63,5,252.6179582471591,1.3375194224439069,397.38930484985326,1433.4936344853631,4.627008945924662,759.1610146823423,73362.81532173614,637.5350530538698,6456.324775682393,82674.49756314425,121.25909692866425,252.37716178277086,0,1,BENIGN
832795.7931161923,8,31,403.2718203938043,26.449335330474632,579.5278347925021,55.61030556571207,17.568420437274984,680.8791525445408,49009.80086468043,311.4443046191048,8719.25973253638,15596.510946005274,196.8983766363123,343.6861834680667,1,1,BENIGN
157787.85089736595,2,10,268.70517241090494,38.11641254254039,348.1070102467023,532.34106846893,0.5680862468305881,156.59736035227442,42171.4720386257,68.59594229263686,511.2285901767107,45506.99369206014,623.0477866617075,329.9013507001583,1,1,PortScan
396948.28942709643,2,30,766.7245828660687,13.724620656680377,223.84838716973596,621.8129620538112,0.7669164299959297,627.0983630331986,17177.39486740182,44.000223169274186,654.0449942121742,77395.87352107899,658.5101400105608,246.75459133029997,1,1,PortScan
467597.0953087963,28,77,1474.7248298033355,34.40991243909858,562.8029705640971,1410.5748368885559,28.89244673294831,184.7473177428349,44271.39819746989,71.59587402920218,3902.677648658273,74162.88594352349,500.54542006113184,165.14708773406704,1,1,Infiltration
47678.43422685782,45,69,1271.4795869232505,27.534955175436902,264.0978773329697,1373.5828897194867,11.02226680484915,648.6152159543927,91833.9909773365,603.0435400458686,8032.5316167328765,79171.59296918265,280.1998362779171,333.96223679804234,1,1,Infiltration
162319.32458576345,35,29,901.1582158820432,8.024654844986108,258.37105325301354,276.3675906764433,9.971814000184454,210.91395297140414,51992.93376048464,562.7324869151504,9450.02473400683,19565.10900368129,527.6735397227369,408.62963449376144,0,0,BENIGN
262623.9749969982,88,86,212.35958059967587,2.2509995244496306,353.1154320140512,885.2181375853675,15.707964534357654,479.07918532223994,51556.929179561324,685.7386585631473,6498.828986343245,42430.32786362594,362.99638271909606,70.389170006116,1,1,BENIGN
476541.74841409083,95,23,1093.6068746075343,2.9864657858089627,734.974681013076,70.1394217368582,38.494005337531114,391.39025671034346,41325.72740595377,256.5183730614418,110.61063697450885,27486.27853953576,123.1439433498538,329.9104213466973,0,1,BENIGN
206995.49572738234,2,40,803.5530120545155,4.5802478587592566,344.642379096644,341.870365141852,7.987417046727168,424.8410006156788,67222.01236207363,911.6270436828779,502.6598487528898,96584.21911808243,755.6424875757602,432.5312649921802,1,1,PortScan
859679.5811117085,58,13,739.3311431133932,0.697221820081837,597.7604818836909,147.42868995494865,25.164544796484762,642.6878337954556,13351.123057951156,518.686826796946,7792.884468451101,26070.739141152568,163.81661068123051,168.40955548372844,1,0,BENIGN
130963.24582434124,12,75,1132.3162265818964,18.786170278064944,635.0299712822991,1129.5321457512998,24.184508540208864,561.6386209997964,1933.736865476265,311.84646904034145,6381.843570801508,944.4018990895577,65.06247719877099,425.9439912351916,0,0,BENIGN
687994.0438346971,54,78,487.91965334074786,1.441495099967498,748.9121347626782,543.9625639116205,4.259270531388255,413.811222258792,76869.93278684697,221.7251498860974,2702.2056008322998,24279.07152999033,793.6715201520755,98.70186686527127,0,0,BENIGN
146981.87922089145,12,91,1109.1641206404202,14.216216270493423,663.5772979399699,105.27211987153845,30.217244024881104,242.97467542530669,47736.09370832135,822.6540079300648,2720.876761559459,18528.89908927291,836.697031296588,266.69744575340223,1,1,Web Attack
34976.81778944565,81,37,613.4670436399092,27.825630137816326,752.7941018321114,831.8440677187892,30.735997157951193,107.79698470089251,21194.687939449504,502.1814277554405,209.91711905146016,25292.969326468254,433.2249802669743,7.480599128150356,0,0,BENIGN
573191.9330564475,1,5,645.5142716937909,37.21404708532271,636.5110673747237,332.0130248246115,5.233694453952791,553.616843164477,56032.32824114068,789.6946464313764,7390.662450286078,62524.90127041293,789.650450437958,266.79486505520435,1,1,BENIGN
503856.35401894886,35,37,1057.321450387938,23.841206437992042,389.8934935130308,572.0384043532888,14.12019003887345,523.6432563392889,75152.18438208081,678.549217777466,1992.1169109236916,49403.778142547686,641.6464548591279,237.85203909452812,1,0,Brute Force
12223.537612736054,79,28,277.34792024867875,39.820657943612986,130.32795964194025,61.826957812188795,35.60075604595059,226.16466635812662,72996.99278192742,811.0342733945761,8591.274046410846,99159.50762406003,263.4701796303993,355.1216709636296,1,1,BENIGN
847986.8961432591,55,57,775.5092278379657,25.838061244481803,779.3997359346481,121.3738686920471,22.95846070006519,695.9018722302164,48190.13290366791,78.61933322297865,5609.788130643541,33214.0683434738,157.75575685683128,424.5172566417365,0,1,BENIGN
806035.9029526088,37,64,529.2349540317801,1.3801550599330392,258.9750979295658,1161.933934671042,8.21087763215207,581.263027192327,58020.006272684645,171.93968406348984,2623.631814855381,49635.39731261279,536.9471638229461,389.2819237733798,1,1,Web Attack
822292.484001778,86,69,357.1471847605789,28.56527974408611,321.15754036139566,447.29064385348306,7.215499038708515,459.9026419587733,21625.396331646207,200.43081636326107,9905.413731787341,80176.72421040761,608.6903833933253,397.0303129413775,0,1,BENIGN
220321.85301512026,77,36,644.8901360078927,18.942779942985855,352.5518228439405,1397.715553934346,13.741264459931767,772.2480517786911,91036.1499482696,630.5580901339486,5802.419513269746,37015.22711419639,53.93717564809391,63.81159311887663,1,0,BENIGN
149923.1503745493,78,22,1423.8418737766197,14.685313412410604,729.8382783665567,484.768315148622,21.728803774686437,55.5625833552704,52235.32352632033,636.9783164095692,2350.7079423784076,57897.92824877365,531.847506758749,343.44303919087827,1,0,BENIGN
567820.178736235,82,23,1430.891525023615,15.445455941142857,638.0653604814629,945.0510095701078,3.3094033224896435,666.2250957593697,67742.41750810073,198.99746777931526,806.5881887203188,83703.84284352658,99.9653904133128,45.67693268321832,1,0,BENIGN
913678.2304829751,50,2,870.9604317556743,37.1242435791235,443.0000514851449,556.243073097685,31.886204232633272,376.5661500811601,31915.09561767031,723.257135659674,8018.0407093643,79173.6995967513,783.0325547378178,393.33347443748136,0,1,BENIGN
285.1767759132639,28,78,1116.9005202102562,23.988760444411096,174.95472200002942,483.4503100692762,13.47170444328427,471.54936449096016,83176.66981446353,932.498530599702,7503.4232044078535,84296.60951377921,595.9093926347283,194.8876598111437,1,0,Infiltration
12432.428188525344,240,84,1011.0939758682392,17.556349608249555,764.4070543460872,927.9913776741798,8.799978889465008,404.20435564947235,67572.90326981587,6473.935233360418,805.6196468273415,58347.72911474139,760.3813281509567,242.53599278158688,1,1,DDoS
294996.0847112399,41,50,675.7796666050886,10.009853010517475,562.0731503066943,1124.284649238375,7.195852749393552,734.9779583627184,75139.60967074895,933.3821615920546,3177.561455449273,93934.10822414125,320.07341995716945,26.98488071369587,0,0,Brute Force
927817.2806415316,1,34,774.6857484572529,0.563186531315627,45.28776635050132,390.58486585921906,4.03228788556341,237.76063963117275,17786.6251233869,28.617172836164375,909.3948422596434,832.2309075752636,599.422429696185,76.07394345975827,0,1,PortScan
202356.9533725599,96,27,1321.635601220689,35.80424902920368,541.0258481586627,543.3889158356233,35.745945963619235,261.5528653949062,56314.88317988606,99.820999246648,9220.336745026174,14085.638072543621,210.92157235510953,279.0670790641075,1,0,BENIGN
23221.069940887617,350,39,1145.4398472488613,39.40829303644375,655.5339714326287,711.9016625086584,36.150690455964266,351.484231569946,52540.91501592241,9543.641088378874,4481.762487928594,77521.32502169763,440.34436952481394,158.35856101260802,0,1,DDoS
583236.8423668577,72,91,256.2755261439193,26.153198553107107,557.7190359443771,1138.1461426961923,20.14307585354366,719.4814999549538,93640.64106448296,807.3902026985102,6359.578885261791,30379.058149582954,787.0381404313681,137.06808359596917,1,1,BENIGN
56934.88665531722,97,2,899.1129923679803,22.27808366656701,538.4051727237871,765.6545257547217,1.2825406837816633,505.35657951870155,71645.77030794742,416.80738571799077,7575.382764991217,22707.859920848678,208.17020921029984,80.70849384378698,1,1,BENIGN
1655858.541885699,20,63,900.1133545311454,28.832652658996626,223.31714871729747,285.48598540633077,38.88383972849244,509.34355803931004,98143.43061118302,337.8222115335159,7033.286682741574,22268.13761775836,238.51213016817383,255.951060634812,0,1,Brute Force
556096.8190375329,94,87,75.39077817268895,25.000778166724164,231.9521049446421,1016.6724166996809,29.880339983878375,736.1050870388736,95816.46726841334,10.624993705070471,9903.838351452827,68305.00166623115,529.0783618843839,7.606547597677704,0,0,BENIGN
837346.4209176477,56,28,674.8102393039486,8.030669162373405,121.74665774552993,682.5864369576366,4.932232212856991,409.6994248851961,62559.18415941994,827.4014551879974,6789.707877456838,6529.324672947985,273.64872473635626,143.9893039662502,1,0,BENIGN
370210.9035585819,20,128,1345.3966839949107,35.52759811856749,689.607060343351,1273.8191910938324,19.210160043446187,174.84805570969465,47801.05624119653,494.64831089239794,4904.418214916159,53881.87088565046,353.72900620991686,183.12059056680752,1,0,Infiltration
455418.5981480443,93,82,732.5153330034249,15.666661715152355,735.762429725932,223.39454713964102,16.737871588649117,301.86705007078524,49865.25695308972,457.68611135772056,5193.706421194303,14000.498532927139,429.9875411500906,121.20940694360543,0,0,BENIGN
762676.2935002653,75,38,1102.2862812249252,27.17266661254214,397.58054650815853,606.3318522695256,15.038396385626548,526.4370856668428,49529.956058693155,849.1473347637118,8748.272823423853,17064.332196871783,143.53757517475148,315.20046301799977,1,0,BENIGN
888653.8050960188,48,85,1396.7497514612812,28.697378035130146,619.6166523327281,334.1337838580142,9.367777024672517,436.16349290629,17292.77527972123,305.501149513764,3221.4101546985667,15971.397025943881,195.93895338032218,394.2759210041283,0,0,BENIGN
629392.0071346755,23,49,523.5721693497572,4.746228127850092,473.4943672793234,1363.2771481996433,31.36247119313915,513.1120599936642,31574.14401109918,541.9259852588923,921.5359646295111,67897.75297382419,591.0729743622146,482.5158114549594,0,1,BENIGN
545653.9035807078,50,65,422.15918879405456,20.503637010691854,291.2566155772014,1296.3467704176696,18.95040614954881,647.6797695175222,58103.91407218714,773.1128326029502,3333.4031354379354,83143.34802681181,248.6749598187764,273.0494040016454,0,0,BENIGN
318243.3919877523,6,25,1451.7981263209347,6.402964219469225,638.3676364676204,1476.8808408454938,0.7960593496031132,571.2608346719923,25365.889375073082,40.58377554587162,4034.8668937767416,93522.4288389858,48.94147171891824,293.94284596489086,1,1,BENIGN
84093.3143491736,13,121,791.1402775113047,28.53829441736176,743.9182125445196,169.11887750983357,38.17477448912943,740.2054549935782,5494.52928888579,360.3851055777936,8133.302469090371,61161.53878248532,948.1670954552183,359.51666939494373,1,0,Infiltration
584309.7752442945,49,21,566.276022557913,17.216876323518676,351.2340450118226,587.1072929022093,37.0211728658758,669.9867173066892,10989.098987311312,108.21254014184832,4284.416453381382,9874.751099513578,510.5107524060509,71.84580363086695,0,0,BENIGN
316664.6887778055,12,66,1238.5280657430994,31.300480328233178,453.5784372157886,265.3681840480145,10.039459420927255,601.2478188614404,80627.60832295325,279.3373515131857,3686.1709210959984,7772.412206127016,582.2310807585399,1.788772300015673,0,1,BENIGN
645355.051379283,12,82,450.63962975549293,38.13743299031341,80.69393467843292,1075.537137037927,21.284445353480148,403.1865786132753,22427.081994158416,705.6252301975143,1916.186819548608,55288.65118051698,232.46647591059062,477.810689890678,0,1,BENIGN
242386.37532680898,90,65,379.78615313027814,19.65396361075141,703.0737976764897,1079.6125952573893,23.19847922140444,107.64241526683654,69429.81162808863,166.49764288250876,7865.810185757363,25013.175283430217,356.95703352388466,175.23510115896397,1,1,BENIGN
565688.3178965502,94,57,1069.0019207529924,36.203125111779244,370.3018169391126,752.6146999868648,37.09691345931049,435.9534553735114,48811.08396115114,578.3712697940338,6895.40506626589,10697.268674952269,664.0440010835522,217.75251372662962,0,0,BENIGN
377012.27668910346,1,38,965.3173977331458,35.20525413734567,714.6926671546296,1438.1886732211008,34.70821839066752,41.62709870256117,38086.092524697684,818.5607256475125,366.88675299247575,60158.83515290682,500.80088000464434,182.51265201941152,0,1,PortScan
131302.36138339332,43,47,964.1791880165148,2.1210308411924306,224.6814547378772,1201.3744049833422,1.9849851097410198,689.8673845685875,65850.43140498071,434.4798170372685,3470.8641612194497,1934.7038952509074,667.1633587714007,71.36092698426904,0,1,BENIGN
246068.0008112471,73,18,726.9853847938012,37.95909376478384,684.1004714860196,526.2372836305556,15.99848498335751,361.72831253712064,62655.32734715902,286.86704961562094,9692.79889683686,60872.33521814406,343.5452606432615,322.50490774578367,0,0,BENIGN
1135768.3529113322,22,82,298.0650264382527,34.59975892118138,467.80386803116033,1427.5014757103013,2.8968925144273916,264.39807886534015,19434.982986633302,553.8849081995133,3834.1003824882946,15735.780672298557,528.4914546092557,268.14918289859327,0,1,Brute Force
32744.394244738767,380,93,512.4698253737433,33.546286179698285,118.71819023829141,1263.0844839890783,6.110017266704664,103.0246359073918,64213.36290365702,9439.803440374377,9079.827098124199,36325.28771712401,258.2357202125978,250.36745307209918,0,1,DDoS
693771.9245684587,59,96,541.7250703302818,6.160653014974651,241.51873457603935,412.8992144436912,24.541115366542922,758.2284736763394,4922.361507102348,1.1221973644885503,6005.817623700113,28413.20560335073,709.2167401776073,163.6251539529085,1,1,BENIGN
144938.3419855173,41,9,659.9614932938247,18.438882090225952,55.57395562726059,64.53862853886804,20.80850755027317,568.9863964941405,94220.03397981242,179.2013722285394,1041.5555062664648,5218.269813645821,371.3916030138422,311.57368366797846,1,1,BENIGN
20843.995299594986,540,90,470.1873984712507,2.000752836087454,410.3096658625427,558.9375538578158,10.060521587056034,567.9505144936877,76971.59019282715,4897.300801550437,503.9798924266791,84876.78252951785,47.56940331527052,468.556246960736,1,0,DDoS
246553.26178577854,84,16,241.08332021502602,24.486648828925826,166.574647331289,811.7995628034641,23.60465689377883,266.51169074365504,3602.988406969999,37.35015522613468,273.2098486172369,73915.07546698325,281.6873756588666,398.1500929838318,1,0,BENIGN
512931.3142493228,80,63,439.3141841113723,4.863493981341076,462.60357474551074,517.3873299343993,17.699652546721495,531.679498336352,49463.16154001294,620.3167892191328,5446.558021115142,73982.23922989055,576.5118294608312,267.0949459043096,1,0,BENIGN
432328.06065938977,64,80,1155.798606444475,23.30215348167976,93.96515296916729,1342.4835429089787,1.2313240895056055,608.7812307194048,75903.53485616086,953.1157741734022,550.8027399391843,59689.71750984125,547.7382505148403,165.31647742977103,1,1,Infiltration
479092.8216020462,38,12,934.2346803617418,29.518124810117538,623.1315088007726,1361.844854863144,16.37882967555109,764.335304152824,86556.39756776034,296.57192086683665,1601.2375431210903,43544.58571884006,345.44301804653463,287.85965266560214,0,0,BENIGN
509938.9592107896,2,46,1293.105349907535,12.390583327407484,778.1860698330099,212.07575867246442,38.33004688930013,109.16897323071291,23180.51018091124,46.67528409233294,705.408033492356,85031.37066981346,369.8940221801451,464.26103752121486,1,1,PortScan
459905.0957923421,98,8,368.31763403631595,10.861790746737565,381.43751786743775,993.1075155487949,34.24584601145149,258.2201962622289,18454.461200109592,378.90958010406996,8944.88693295484,995.9742264305754,555.1801482038865,238.58002320579075,1,0,BENIGN
225027.54887264618,94,6,862.1176456938394,23.747504773480827,526.1090146977906,763.5113079488577,0.7149412334526328,294.38924205513547,18468.936748027023,680.1748286273858,576.4794671867661,56384.70107725331,200.08010892846872,474.4229192335306,0,0,BENIGN
923392.3295239246,43,95,1311.933087671464,29.932752044899633,700.2554952078062,823.3698196757671,30.075049774767635,146.44906511279171,34892.63407478283,389.6102095650743,5117.844504997885,92908.3452620798,704.4653857688525,67.26274614459227,0,0,BENIGN
290814.79150408483,8,88,1358.0530297362357,38.49166166690347,536.7382439267722,1263.7124340455866,21.008088009231884,198.32847961363018,52516.37236813839,555.1270931775074,7427.15106649343,21996.100140837836,319.9158903859161,182.01373460728314,1,0,BENIGN
755118.4579014167,41,36,427.6945098127324,22.874787574869284,719.6701989221725,733.7886704071461,37.80470029370184,202.9882542863628,7508.49466682567,891.4647277574348,8478.335167642545,99259.06169462514,556.3390509654438,468.3439633335748,0,1,BENIGN
1138369.3125944457,42,60,670.8910763992059,21.552774689986762,379.04687341514267,864.6347383818878,18.820203159693087,76.45534452040167,88216.6137821691,444.44937953387824,5893.547048588413,13927.388397771123,42.574764466805746,122.64504682182148,0,1,Brute Force
256481.5174728711,88,93,147.38369930536763,8.909932975167543,608.9091860247564,678.2014396604181,28.211344961572497,471.28926711553316,95076.20372473651,597.8360531395607,158.54105371174182,35294.20627692836,148.72611847557783,462.3168387988516,1,1,BENIGN
226176.5837073295,45,18,490.5070864798188,39.6757393257058,69.34862026531067,227.28408779534615,8.985551057164365,656.4405905521212,87863.86918549518,71.5442354713614,334.2768162051413,74458.24014188688,141.34752513274623,66.49929353731959,1,1,BENIGN
263749.09104962955,62,48,578.5634738225423,33.31100124909396,288.0033955644104,1102.6378773658826,3.7563985932412036,541.1251424388146,31743.043607417756,749.7779034091684,1371.157620423255,89789.35894267054,224.3586742024318,176.56889664058824,0,1,BENIGN
365834.94181112567,82,78,520.4530286594468,3.7948285070071908,797.605154773159,431.0535840160142,34.05031394798429,165.8110040655463,73162.26178056006,524.4969495328048,9809.256517318396,55287.50730567903,59.011515437049134,301.938994812044,0,0,BENIGN
856582.53967025,2,24,750.1572845269864,8.9900015270943,188.33270743040472,281.4853205719842,31.0864478482238,214.0302608282369,52711.56212616723,451.60120633695914,580.0312883290557,87716.71848811572,699.4880164621153,225.53803591242982,0,1,PortScan
321418.96507970226,1,80,264.95056941070186,25.861403951229303,178.8152302452669,1135.7650118172535,13.563504530507199,579.5205293699047,4881.773330720098,407.9192395883543,705.3294877410694,22694.7829279861,644.4181540458892,315.389866552466,0,1,PortScan
224890.41822023355,96,55,673.197522336161,8.090927269681213,202.58967492879592,48.473502510694,12.038308622346898,609.1774067636749,79436.8546128772,202.54729534154043,9590.849528745362,50245.25532007787,1105.355773881093,353.38264093081557,1,1,Web Attack
220069.127784241,84,59,1085.5463550960367,13.7775315371404,637.8559122180236,534.8468811080584,32.77335009195444,139.33067284871788,17419.978360075067,340.9424519299781,4090.7890149339105,34876.79405618941,620.3717447176471,48.47569631335735,1,0,BENIGN
133780.79510889153,40,39,1000.5105455913359,2.5564528379656437,166.15579011309518,479.3903235609187,21.575172721125725,630.2090809473241,32191.963691079844,356.4467922357261,2568.947342885751,25468.386836237634,761.1365228800454,317.728589809445,0,0,Brute Force
429802.4065375592,98,4,120.61773505559225,38.18550053440223,137.71871820562762,1058.2934501510213,20.249241443635206,59.48050991216117,92482.27283884973,851.8516251380513,5247.336699759317,22901.94419058313,132.43339691687163,181.6962397160633,0,1,BENIGN
966412.6551938166,7,14,621.3865476122729,30.87857737399534,69.20349068568453,626.4682300999569,31.96293677944784,437.24992112516117,55048.87022576053,97.25496549776891,1331.9822556397128,67703.19054052493,553.0354329403391,489.5516971261367,0,1,BENIGN
857342.0907511995,75,5,449.6617153225787,22.271935374926866,578.6337207277237,236.26938094017166,32.56267623805067,500.64329588825956,94958.7899676538,339.5949662387802,1090.3779639486145,50655.05509168216,105.21618649917353,484.7632616620034,0,1,BENIGN
525149.8879024298,2,50,136.1295601826358,24.88667696694431,484.767450337126,450.08957867869566,36.40886805641249,271.12360558055605,45027.568518151405,543.8080796730638,101.13164629810981,93216.8503041711,324.6474758627912,40.389606937171806,1,1,PortScan
593029.1899336316,51,19,981.4643501894868,9.37795395232158,596.0220377200782,415.07079682506236,7.0080945169616005,564.9076917334288,84294.44588678151,481.59129375180476,5318.604013452993,30281.729571418535,415.9096914836245,65.9914990062036,0,0,BENIGN
1336012.5270322051,31,87,1196.5669388928281,19.790289583432173,267.9801701974447,274.1463833433412,25.90342355207229,746.3635662201507,15446.493495084682,180.10004324630168,4341.724273761255,80691.8657984897,263.3812740183435,126.95646233501407,0,1,Brute Force
495222.0750874416,50,44,441.3661727240715,28.671908667974826,492.13617589834234,514.2432002328899,1.0148595216926237,610.1142137868734,21553.891215925763,834.4902960882821,4208.699697942009,57711.97348875023,703.4410351108414,431.8115004599767,0,0,BENIGN
775168.5631208218,32,93,320.38131059614597,36.17701369268601,190.55918762322642,77.67846555919738,0.8111989506967987,512.9596709052408,66201.33856568128,311.1106008864782,3206.9097825781632,33955.99656684368,556.9204955367478,29.06689551341429,0,1,BENIGN
999673.237921568,92,62,1166.457827676071,8.936501797185002,101.44356924887302,1317.4026535519474,34.350050367635674,346.71349826169705,70269.37463978864,557.1102260906488,8531.031575600751,31512.446372172257,437.99102399922873,242.68618560227523,0,0,BENIGN
165961.33687006924,58,100,882.287921571217,26.29976919939768,187.91063328666954,610.4474656917512,37.86255371914975,227.42924124491225,66869.23414152766,740.1753787582211,4486.805707656944,93753.2234160907,899.7886781494211,228.96228993044892,1,1,Infiltration
59223.09614111754,640,76,561.0574469293857,11.995429602232196,202.51755601640087,95.1631333743089,1.7205585752022134,701.2419467630549,67871.47532595014,13211.32724389885,6150.281761159512,84923.42227796355,405.00286350587686,435.20541427915015,1,1,DDoS
698687.114383232,83,89,863.5639856653927,21.321222459530222,144.8031045150538,903.2146423958966,12.591424948678318,79.78506277529785,94870.75015488583,641.5262200273813,8770.420129389762,67608.83994127518,466.9614090397287,256.34403616440574,1,1,Web Attack
253744.09217578432,10,71,1389.1535957296333,26.816620586358262,747.7626368250168,620.902737716958,38.12064704161771,574.1149866461409,4296.376165139309,906.8821445358709,4849.883362241594,46038.095207935505,705.7719308167831,74.69227338561396,1,0,Web Attack
31161.82178320317,21,65,43.58369620801256,16.628452365993933,593.5197879752384,1206.2068705073577,37.807590445080265,502.46350585779777,25537.223978624257,924.1555343417853,7755.404381264957,57447.10401548442,568.6865639463913,462.15817750371457,1,0,Brute Force
311235.84807495866,37,65,1168.2064510377618,6.7354119321221795,623.2968334670735,1134.1923103834436,21.57392819363519,698.0401394496821,13301.12347916907,595.5194587650066,4498.937094493198,42234.98836245481,231.94641416483933,186.13982840495402,0,0,BENIGN
272037.9112673048,22,15,88.76838960305429,3.643376595202059,77.33643935780776,528.7255564270688,20.371559627197048,444.5842732455179,26839.90930096732,911.6057268716181,3688.9452708204126,4564.560094975596,268.1726047714536,265.5547112720777,1,0,BENIGN
131410.11743934097,91,63,1494.3720535013201,13.181685340955283,330.031993574219,942.3347860283573,28.737658989421654,337.94244645072934,90502.45874648335,560.0479888299955,4509.39686329525,64670.808588458916,764.1309246693717,397.27614721085274,0,1,BENIGN
470597.6304827276,51,88,1062.2738388124667,33.050765994503244,595.8222723408064,1484.4265987692818,10.901905915721164,704.9920162185604,76685.60425093117,362.2425396823903,7343.904191133117,10416.554882260514,639.8934465788197,266.1653012935513,1,1,BENIGN
64165.58367145376,100,33,84.38022562482816,17.344903476066953,472.8290207017601,1319.8437064210736,37.12867182590378,441.89196579914244,75404.96802847764,8787.186840015282,7463.360744163201,20488.1044786673,322.00919845068387,317.1139994068074,0,0,DDoS
835551.94771804,1,76,693.9959290786599,34.05128848866124,629.4975228477854,460.6982539887275,12.959044262461559,555.9474566168534,56363.489435571304,162.31334813938727,310.6199793199373,89999.32785509662,563.0125719089202,492.98715884275975,1,1,PortScan
204534.93588125496,78,37,945.2461472102227,5.894110640669545,161.57181727541723,60.773206644582345,31.283600584944395,657.3450021218456,16286.039394807527,739.5504818237978,4341.115780342023,23967.09234770948,512.25230213611,89.2420371735424,0,0,BENIGN
959135.0198346216,36,48,885.994692103087,36.08777160489514,49.04739632436626,767.8311130440233,14.000278572427195,481.0524645960109,22623.192935092102,64.99272731000158,6263.071038118583,41690.75545694531,513.0890094167346,105.26957341892145,1,1,BENIGN
593153.4670468948,95,11,1466.3777397543408,25.685165874570416,63.39779233416742,1096.752053880564,36.21874768549662,644.6409898436882,58424.94393527972,671.336382742207,9902.0159746242,9075.30223004874,547.106069761262,141.69884728529692,0,1,BENIGN
15354.148642495127,480,4,947.5791839430917,5.129197892150965,241.53746509904536,1259.4584996974836,13.083660240065544,410.92571876494384,94119.91948106945,4544.527478561251,3902.363913406524,60649.71297659913,614.0575864230188,450.82669335635256,0,1,DDoS
228408.0035096511,1,16,1497.024616499702,7.2238483161889455,69.20937852903634,441.57949361353053,33.394476722655824,263.35646323148075,5784.457901712394,52.5869347346346,427.995379567067,93183.25404893135,257.29953564612026,213.5788403505219,1,1,PortScan
413555.7873496654,58,95,1269.283537093156,0.4145488938870834,523.7177384980737,615.0715670147607,11.93522054245876,539.7713125053466,83483.38532679155,558.4362771170408,320.6352732111296,46145.50507064935,587.5463326191293,271.8992474023039,1,0,Infiltration
502062.4231373105,9,28,541.2959441674359,26.734609063617324,213.41506501817005,503.3636062784793,38.51021389697304,304.5334818544665,34715.43864783793,595.721067759533,9710.043545302002,98308.21379084051,480.5400523940002,0.543509902466266,0,1,BENIGN
366059.8086491069,8,69,89.70497905238642,32.84288892228075,454.8531447750193,533.6895658073264,10.035695054154047,491.28606915572345,20884.1498676875,323.91850146834753,6368.937791045696,88155.62959608914,444.9966495776151,379.5531991495463,1,1,BENIGN
24591.37538467496,270,45,676.962457233767,1.7684297574280228,225.9056292528391,1157.700596985001,2.765333432699575,151.9969456377325,69453.25892256627,17852.230592971355,6340.982730525792,22236.882472417165,80.59446006965695,307.56329127515585,1,0,DDoS
22565.738616667895,530,85,733.6352959915483,8.957537332387826,688.3904405845296,410.8916817333622,12.263963060995021,674.0512032821463,30948.323777079535,8204.455057074287,3483.180050881077,11648.867779859282,69.56081730758787,362.2703370304907,0,1,DDoS
295669.56507238,49,8,1481.9998457608986,18.93739612934774,649.8633265659352,1115.5613787692735,11.892708380481878,84.50765999556354,14341.370087780508,838.3102875890634,7314.826061762848,66436.84109778317,139.29311208945273,319.96534372526236,1,1,BENIGN
13329.956065698856,64,148,498.05347791319474,17.70356093297835,127.12635712513719,1261.9095216675664,1.105273314237225,673.8329791953133,14114.472777517882,886.575456219889,7300.428646988213,16475.379548105437,705.0325118597937,156.32815717760974,1,1,Infiltration
403582.4142305787,10,126,599.2758870852368,34.86467385315401,315.9778199721233,1429.3412012496906,37.8523559683355,150.122981073583,17813.394226912224,862.687802924856,3933.6815800579448,447.3544884781036,372.21387446412297,298.81449659777996,1,1,Infiltration
110630.31028029368,31,72,901.0782171359946,30.767471599837123,365.9293145930452,1147.3453910713247,14.87211965098143,225.51187509437779,72928.44078716756,419.7303249280526,9813.957272218686,34955.02337898702,740.5128396036101,466.48127428353973,1,1,BENIGN
433131.1976940507,1,84,697.1814380474486,29.772148693494643,394.89523096448636,372.58910334077,7.974005157787452,363.3277076348226,75573.91623572007,605.1109780322488,688.9406606106428,28239.811809686926,405.8908629277802,22.197632484663497,1,1,PortScan
356317.41759451147,53,126,495.01060689009154,39.62379920842627,378.2843863872974,965.8280638655323,5.068866838107082,597.0984032963802,26994.08478177464,448.668391504389,8832.499292651304,97055.54596336129,544.012196098007,417.4013339772499,1,1,Web Attack
1259094.7422408687,20,7,1274.1923448593643,11.87780383814288,641.5311705820156,185.256763147064,32.91055741869481,553.3462696976703,8877.84646010108,683.111865456788,5809.387573996938,59459.06461349303,261.05659069857086,133.24860000642263,0,1,Brute Force
530135.4880647325,2,79,572.9667124751257,4.008453962020981,552.020852267845,51.32908657263975,19.01171906262033,186.52944602650902,62774.81289309268,979.4219311505384,4649.3850341432535,81751.65067000141,638.873973124278,247.92001555201205,1,1,Web Attack
785821.8851414556,91,136,835.7122869569532,8.9558893322274,377.3766905153702,746.9510760092943,33.26560160677324,720.9815576469947,41520.54423340814,17.802674628729886,8619.120659495653,17436.125063351057,768.9454388350485,12.485450217065598,1,1,Infiltration
100783.53174369271,20,78,488.43892727733015,36.203524935530574,700.69848200959,387.0401900470941,3.247511482017247,516.6251794864493,33703.23431718261,672.1171821670025,330.8763631174666,13348.589525397167,842.4643453608135,106.18532765124888,1,0,Web Attack
215560.43458729607,41,79,828.8295943016549,8.918979520399283,349.4274522624927,1482.4697689720604,31.342240665697044,477.0656346526876,11604.874799262105,417.8698017432101,2637.884624979253,7109.397939743972,452.0753354266794,444.5928499204381,1,1,BENIGN
573627.2484930938,84,29,1095.4559772674857,27.578955976270557,775.8002063329124,1206.3550343286763,5.464941723950085,304.20266610191305,96517.55600369484,489.75642365857806,1125.2580787586417,45865.90191843746,569.7148578938086,498.77411084062055,1,1,BENIGN
879692.7365793289,86,32,199.52187262265156,37.95743500006016,411.21501310226006,774.0642177270787,24.848005784167285,42.6878340144507,93120.00443932803,361.51493966606427,3975.3493052196427,17419.183660848164,327.3952261022704,401.97176538802603,0,0,BENIGN
403289.1497335277,87,95,780.5668306030334,32.16091158076524,581.5319269410777,577.1382709179625,13.4669533701477,231.85627190125535,57693.92746981492,963.8464673087001,2008.6667087994842,9534.292965883478,196.11673196699752,391.549338125075,1,1,Web Attack
352908.8339616627,39,84,1125.64053352099,13.562965939271052,383.5417158331609,188.87381868586832,2.922345841311258,391.31398456151635,30229.50108384776,612.8392920789172,439.5916327912734,12185.420096180547,697.5450164408603,283.15581075955225,0,0,BENIGN
927775.9190315144,34,9,864.6266603858261,34.43721930314784,664.45141384502,218.5415329236753,33.94350628123512,354.69215077473626,25444.313316581498,869.7815911571245,4325.927748341079,80838.3853707799,240.18674508644182,1.964660711108901,1,0,Brute Force
808401.5929963255,95,121,1097.3463529875055,14.653140987950337,67.95112247714832,1360.325957397508,5.11173953031288,760.4323832485351,57231.070567784394,305.6325047153278,4960.2909868853285,50167.96459422018,86.54727056454337,177.72992594206931,1,0,Infiltration
244305.69399788324,14,63,1300.0594139492857,21.02198680600918,441.54761313893937,1443.7424902144746,12.835255961465734,404.4512550807336,81190.18841231131,758.936357662141,2665.336225067439,15117.593850062529,572.5354779023999,128.82808840359738,0,1,BENIGN
318383.3686147631,34,27,591.2163175735135,31.547457169256962,307.0956718377194,283.9661281378255,1.3357281946342958,333.14470169837523,90365.57443935846,239.06268909690093,2073.0665176485422,96982.38031625163,59.00312576645001,392.8910751968772,1,1,BENIGN
917810.7599555627,31,87,845.5977542395153,10.962168297181911,89.5465296603652,112.88682906853347,4.622267953453552,94.23893055592885,76079.7557404403,485.61764566320085,3435.491992576307,41842.7073240994,745.9995190351937,455.3759063690736,0,1,BENIGN
319716.062784866,76,88,1161.4063503092657,33.43937796373899,133.25993738693768,1240.7785928162969,20.185697506362253,712.9981174524298,88670.00144592831,24.275625949794794,3834.8235026805537,52644.615598568686,833.3305023525082,143.09312334206697,1,1,Infiltration
500988.59788071946,80,2,1152.6783613782586,17.17284667750821,81.31829561453966,286.0400645298887,18.23697697277668,658.5076840750153,38131.48401416666,538.5428010799852,8919.13081199017,91380.48798006862,203.98899729644393,21.797460896297196,1,0,BENIGN
95111.7089756169,30,14,531.5902765903988,5.779027863784214,217.0588811793097,1362.0146371373355,1.475731556430726,207.04854109106205,31025.978288599323,12338.447671183965,5345.675883957796,21834.765590510076,164.8232110895974,118.3990172980594,0,1,DDoS
947607.7413575614,25,44,1104.7289525214846,13.153811528359585,536.6515883642682,448.2077809639187,22.829749669332795,626.8359036536732,92808.07330327794,261.20103171863377,3355.220940479822,46431.99936439111,744.6528766793515,450.6934284053286,1,0,BENIGN
495559.62641290517,22,74,544.5480750890983,5.935415128699106,523.3906699002332,1426.263330339176,39.86935081177526,325.18326069765527,59941.362447749765,856.2820267587289,1183.446107235876,68959.54546108597,350.72118291105187,103.07308014008204,0,0,BENIGN
695437.6078744468,93,37,494.65224176552186,4.84325192965851,697.1409265563177,760.4286477527984,22.88587511145601,472.7688391520895,41108.26214268004,192.61066244659565,7453.876157499016,12714.355973113858,118.94408061189597,355.0725187982517,1,0,BENIGN
475279.9442550401,21,19,1074.5255225948988,24.937271737734438,529.7410833342179,1082.5193227569678,11.704509096938613,284.97331696836,43855.975014765856,307.53142681622273,9849.529311018925,81407.05212287875,165.1375630745825,2.7970779409347557,1,0,BENIGN
114379.85670827287,68,45,666.8072625670978,30.178859000089485,483.15621631940775,1406.3720862681087,34.70576131647999,292.8122028539509,8554.256832457026,944.2626139416868,5177.694810001587,7449.0184609511325,660.5974661530524,434.2532353426956,1,0,BENIGN
662206.7950223404,18,27,54.94143035678597,0.8863814217808619,46.34580051046494,201.11838257449818,9.579548582805195,208.12835077854737,98680.97975857169,306.07550459842236,1282.933625760397,54560.79879133412,692.0476661021063,339.0301883938376,1,0,BENIGN
714884.4886029891,92,57,178.24064710276733,29.28393479290767,601.9016930460317,1003.2277268736831,9.137451839915002,361.50749610246055,84643.01782149557,670.2346091776923,7330.360661649024,58741.56626857963,381.68581532495165,379.5260050335541,0,1,BENIGN
99720.47873998941,170,81,464.2227269030847,11.112779788215224,547.0861440510287,1347.9472152324543,23.117989633913716,440.82573824924435,16122.374970982766,14309.708193285613,7025.963210182528,96695.46971946143,268.146060072305,378.2227381837659,1,1,DDoS
816472.2102149981,77,40,540.5883597100258,30.93234680790388,473.5480156187743,174.9374586814025,17.20743467114052,485.84131785949245,90960.77991286076,188.56920113364478,8061.470154091054,13071.14206282837,224.0991016576135,121.67194174506152,1,0,BENIGN
786982.0309127106,18,74,818.4729699787987,4.002586862661333,487.4036204953722,1176.4575969556888,3.733124810793056,171.21962483416823,1327.837049451523,593.6932141888657,8868.476575539586,67069.62496704992,786.3504665691463,31.51682624988078,1,0,BENIGN
628620.19269491,32,8,460.38911233026596,35.57218895312874,709.368918576384,1146.1801202403399,22.538818952514074,131.20208970883493,53243.97627620018,356.8605760293691,7924.2481612219635,75815.33935761952,732.06550560318,7.415081215853936,1,1,Brute Force
988676.6755914795,91,4,1187.00192086722,29.064190575106505,573.132867802316,1085.8988204665036,18.176390051258554,400.36173263377526,46839.48746234216,33.35128175188683,2418.2426500199113,15464.85502492178,713.6982086619155,137.48468322647452,1,0,BENIGN
700019.8355687035,4,77,728.104426564502,4.75484422392785,685.7441670032879,1439.337520420589,38.35018464859615,375.8927227995447,64487.030961036166,599.7441660970935,3506.88862484567,44412.008497138915,88.88600989729711,397.8495163357436,0,1,BENIGN
480672.6715432823,92,7,217.5625089566881,2.6018383094856246,780.9031254077447,1034.5119236416772,16.69824284374966,573.3155909743965,75657.54546936789,779.9842061685405,4783.994283474046,42993.97698490355,48.381344044364255,463.278557570919,0,0,BENIGN
919611.4590794945,58,18,1484.2088799745,34.962262525559154,798.3161347432492,397.241834659978,33.689983407969365,665.501514684781,23170.9418861513,98.52770524609068,9794.41093163922,29609.49490654583,701.8777607555326,2.0635773373019473,1,0,BENIGN
238790.81246667006,35,89,865.7239153292134,3.099431898019658,163.59750519994498,606.5519342852848,7.4241625582173265,642.0889839053857,41665.41653177267,93.52252365581501,4848.585593698527,9092.909724330802,137.99235211906105,119.80491601410264,0,1,BENIGN
826275.1035591359,40,109,437.7718040188942,21.966227631609566,588.6084020051653,1490.3242707138552,5.262828475157049,77.46191925809137,69466.15331062757,832.2425609255552,8465.024310865569,67849.57027222529,1147.5780166958732,255.50238177229346,1,1,Web Attack
847172.7412574075,87,83,326.4748507086311,21.924802599272738,384.2912102889432,1321.5271796013901,4.001266842686149,235.88244659675414,75204.71455741898,95.07714631281439,3214.436496076785,38721.66785145777,769.7569280814666,79.06632285968229,1,1,Web Attack
917030.0097093685,29,85,441.5587780534707,5.673153147506995,42.84627198057646,816.94992807786,4.286267877076937,337.71310035969543,58968.24894758496,275.75832831301005,1760.4906807374914,77474.41504470808,759.5612909340316,50.220208930983,0,0,BENIGN
37880.443390065055,7,56,1315.5562372509437,12.293007239509981,753.3275322147454,502.7401214079548,26.17225286136224,100.82475302211185,24308.748164228527,773.7019785446029,5291.571678251409,92797.62648808661,548.7766055091439,434.90618290696153,1,0,Web Attack
959838.3979607369,22,112,1333.4485588085327,33.90445496862597,200.11710196894774,951.4639851435737,2.9072926235925944,675.9001476434308,17537.133761999303,70.90761991562593,4008.188764432724,57696.44463857835,1034.605332758139,487.12126276086826,1,1,Web Attack
749140.6674679681,96,95,693.9213634729161,12.370755151687586,421.8228811610871,534.4722225072651,30.280474709894413,453.35920933440724,87697.09263799578,543.5895602579772,2390.241509265901,85110.67730439213,463.48647414683336,103.42051907178063,1,1,BENIGN
844421.1717308366,43,78,1100.6043828368283,3.8214483054494863,340.9785031897831,1475.5324972497021,32.338411579085935,161.55500979886577,27848.628542777784,329.88282727547545,6507.1519493495025,75701.90600137066,609.6402226940114,254.9370281532014,0,1,BENIGN
123968.17723903235,38,22,1430.3600215176157,31.719746055700455,479.8124922461042,984.3362641096815,37.222481081422906,365.54052377056996,33206.27448036947,977.243840843949,8635.79690376823,32311.128026014052,392.47325399430133,207.53906450389954,0,0,BENIGN
404371.99997663684,12,138,1006.4463962606443,17.649835057247095,550.0454987645712,87.2680508206358,23.44954688119578,460.87018757542864,34729.379153122965,201.593974011566,8077.479954483017,5395.672824365097,139.42706544289007,220.26087199207328,1,1,Web Attack
634226.6579134989,1,35,940.0598634702169,7.460440500162391,174.67912866414204,1314.6319782281596,29.709234550532774,541.1433007280823,40745.72434317605,262.0493667220897,979.471312349711,79725.98510652978,269.35220958357013,423.78239813924733,1,1,PortScan
968231.2281566474,96,84,1168.98328509355,37.29621984586473,577.3930178824448,1347.5514573871249,9.45894869465226,302.51935213436695,75317.71359388567,424.61878208273646,8374.901063906935,87765.11077006163,267.7944083879029,411.72540409478677,0,0,BENIGN
518013.1546262768,62,83,1018.5849827682839,18.540459214342036,506.1767253283397,437.89550679870194,10.966954300458664,126.30145332105532,11493.624740769337,347.7369742947645,7630.926224184753,60801.03704814027,117.96426585157582,426.11826248795546,0,1,BENIGN
670218.4488644664,21,71,731.7237089694205,25.939903901888165,61.48117279798305,61.76898566601953,5.176120023942716,231.26497063455778,43011.95743971549,487.4917297124124,1388.895813289589,67342.42399579192,739.5973903340497,147.2320494205801,1,1,Web Attack
391755.60603328835,10,33,1421.8935352486867,9.860851833574733,650.3518776692829,933.5924473143037,15.075800675408551,41.03966811628797,44715.270204727814,276.79232554254503,1052.4226671223505,7525.104948155104,304.1443287568175,307.3786943703243,0,1,BENIGN
424701.5069119187,90,55,747.7759677320527,4.23115627576268,251.2207281847129,1339.859106071931,21.99953663463812,354.1965971321706,7360.9473684970135,714.1501152495654,7031.479725726365,61408.22026118663,427.7996111276934,216.89220110368635,0,0,BENIGN
941264.93827123,77,76,1283.9358402530295,36.527384163643354,683.8842874976114,740.1146069730818,36.96327736363054,776.7993435246631,50306.440981260814,175.7072188507053,6589.638864541313,97544.07460245852,702.831613492745,430.9075880729538,0,1,BENIGN
776304.035851891,31,57,783.1431879636377,39.66391102119941,787.2441498568468,967.1358665667501,17.71482024423562,413.26713654234317,68279.65871706251,101.66438678095783,3290.2372173690746,7536.47137795035,143.6312658492883,97.91962094711687,1,1,Infiltration
485547.341576756,2,60,160.23536589166687,22.011820927325182,246.16412572721433,937.8038997590353,39.087509565296735,124.59888432293812,21291.327332321798,473.14722864556484,968.6452015305837,77183.25952923686,722.6541868037509,166.85742423789645,1,1,PortScan
95155.61674473481,80,75,234.75901985358158,35.1962173323117,428.14209807822374,160.148569886245,24.668964508002944,46.92355735047326,77624.61562618043,650.6199281474588,2134.121246141438,37481.34410844761,68.8996317173349,346.8419074856025,1,1,Web Attack
956731.9551516714,55,44,1485.7473107674846,25.309135440302658,223.98738637698378,677.6957092110363,29.61812489534359,379.3232098391418,6943.905977421084,168.68680101640408,7915.064480381616,64840.82384104896,473.06736277242163,83.81098537770065,0,0,BENIGN
40983.00878092048,6,64,1121.5816725098066,24.058844035248296,550.4486203057584,608.1803401096809,19.51253927230396,792.299287868799,21470.8947629218,417.9144009034792,2925.3136438639335,76513.49992888058,930.9743932589217,146.22273049869793,1,1,Web Attack
427507.7881891613,96,67,1473.5408526748045,28.07814135881303,417.05248754749806,669.1440239524566,38.17458462206018,196.35086892254643,31237.157358911536,307.86197627236993,2897.17328399729,46859.11914111676,791.7762172835533,444.3933833581087,1,0,BENIGN
669513.7983112928,8,22,1032.3256914653268,14.048785226702787,278.5483238476613,1038.946119059021,8.621731404181814,358.9376060928439,18898.64714068651,8.40401063921741,9700.873026780313,43175.98083585534,776.7057069590672,70.16175988391305,1,0,BENIGN
790095.1195505784,94,19,204.4064375973952,36.48257811505557,187.9185318744507,934.9469187204661,39.42534480350816,710.6213664224365,95660.73646326078,342.66451134099765,1064.700665772439,18842.803860212116,420.3761202582265,396.6148391366611,0,0,BENIGN
32364.524627910796,830,65,1006.3998860305725,18.679976781328808,657.1453026997553,267.6410241077275,31.597930790681538,88.81878852363985,19485.98263653594,13123.681990634303,8550.707308545601,25275.43597765751,288.66562042997384,268.56037414337,1,1,DDoS
1547318.5626825204,36,90,1171.2485393157472,13.493181244136592,521.1611852654761,113.31115732805618,24.34755042117272,156.01626480046133,83075.27417893369,355.51391863412044,2822.7230886546754,84090.48878138138,78.10945753457575,198.3043996671724,0,1,Brute Force
935402.4145882822,90,62,1302.0429669577156,27.730977096348738,514.9363592614204,61.49688211754398,29.92216276352465,109.56668928693236,26049.118516647326,551.5351463218018,4522.808522911656,1587.2812332468818,666.2286444233014,439.4004790429632,1,1,BENIGN
960741.7651155815,49,25,1117.348678350884,5.134424515807914,330.20204718179593,894.807383389629,29.48350762017409,42.82423620670783,26133.72884854044,538.2465713706794,5333.408054823454,63766.26723027694,270.92872145984904,270.26462554446783,0,1,BENIGN
576606.3070262646,19,39,1469.6877257471772,26.197109390885437,708.8810670768676,352.38412702756125,38.88168376706494,148.51648610606912,10202.406299347662,112.30031809334815,5735.547953492921,78099.63032779805,318.66705518472116,488.94799389306326,0,0,BENIGN
466020.1515113181,59,38,1255.0496395363928,18.350731598263717,491.1411877973673,430.3232797519259,25.83666105622056,789.3386774022612,5000.451901520607,886.5420176380973,5627.202202647552,25217.34496963437,765.716179607036,241.67715152944947,1,1,BENIGN
244527.7650356364,66,76,937.0386136030621,36.529824779532646,216.29602363991722,216.86231781939617,0.2435012390236002,425.97514858815526,99830.86234516061,694.9957722917571,3090.861973731809,87687.08971678691,634.1089221508494,7.707583038269627,0,1,BENIGN
149758.49723714273,97,15,1105.6768190883633,34.8455260064862,777.2490481353246,1392.8358259264896,31.89671635332995,529.0386685067534,78167.86856848077,432.14050448078274,5951.814385760442,34876.49391582713,288.2990033850909,378.3458866380169,0,0,BENIGN
202017.96812567167,95,18,1029.5303217695,21.84184293432463,344.71343935723314,668.9933905492036,2.2974077677977522,385.7317100995605,79565.94557114597,388.0476814473128,3841.9767129071465,1581.501136098587,387.95479954413213,12.66882647398343,1,0,BENIGN
840024.4980741065,69,2,1214.4188124961947,8.283392995508416,295.294522281084,235.9880918768656,2.9669052113968952,794.0505029807912,65593.83572935945,542.1422995473989,7657.330019048943,84009.31519717553,653.103223713993,8.269724644938304,1,0,BENIGN
37582.177186918256,550,94,1011.4909972518509,38.26195634916826,193.0993260508033,1301.3772610479336,12.854092232609013,792.0692542607331,15853.098340107415,10327.763697128856,7930.516893032848,43269.921635597544,395.7438857426115,493.17789775287054,0,0,DDoS
5463.420670908319,780,83,1348.4915036698383,10.90292543654726,735.7806659465157,1249.609579730633,39.222317636371734,286.43576613243596,23651.742682477863,6618.676207120471,9546.951461927465,33313.99887233363,469.560983167501,201.8396412932571,1,0,DDoS
537125.8328435102,45,79,112.24811978865138,35.56906374653686,545.7594535043477,940.4375976393582,25.03600931695969,265.16507532539674,41572.93593644194,799.3100769036242,3070.746558993533,47007.32075517395,54.92052625461653,366.7791764677533,1,0,BENIGN
114777.84887897756,84,79,481.6030273978751,25.399586463858014,481.7396220893937,1186.234617730486,11.753478224878421,614.5047821979003,38311.92289550486,411.2198497497645,6730.398139602834,78430.73431632947,546.8186434516249,449.939760285576,1,0,BENIGN
130950.43959078436,14,107,839.5407510150592,19.78543761662358,276.2931419352555,775.4498081500219,6.47093425538813,320.6839176008735,9958.223656639355,571.889415126341,966.7211831342732,16042.860944077516,157.4321536957287,190.65531997603895,1,1,Infiltration
71982.2656545534,69,58,1039.2027199044273,21.350797697280967,546.9084947168549,381.18844454691913,19.58576847276064,337.0656452672297,9061.824348819144,625.5938840785167,4957.199774788747,27524.650949989293,600.0011968598435,387.6490091987515,1,1,Infiltration
46780.10586168238,30,4,607.1037429926712,32.82701533604282,382.8846428025729,921.3210057787422,35.820804815233046,698.337553372781,89053.1781575386,5401.55991930735,359.4750581975477,26114.069321533967,251.81758267173856,454.680163362484,0,1,DDoS
135465.05815150004,24,73,1092.6907173820173,25.71536059965012,469.49322994711827,1095.5369656867433,16.78615370684042,113.39820133630472,4094.614266904296,479.07582923601296,5996.922906379212,7894.114566756836,258.0466971731977,161.01610298774355,1,0,BENIGN
95739.03469605108,37,94,293.9637903421221,33.70779776891046,256.0829621035015,1083.4499315155451,22.713549853572232,782.5494527484959,27354.984621132204,158.45718322714728,529.8579985686582,24103.55663150524,559.8938736756984,42.62911231843031,0,1,BENIGN
582994.6540695837,57,103,704.3754890198824,11.626013174614735,217.52010317261835,1114.5373535853362,0.3137968496249277,449.8152007757272,79397.30402227241,266.3016634888365,6036.882191014053,66893.32156080559,806.7281539018027,222.92481709935885,1,1,Infiltration
1516940.2248083286,32,31,144.839016350385,3.771039115957442,482.9807145059525,115.42677671032494,13.477074998561536,612.4317734548143,29505.381834886273,763.3317463724118,7457.215711688483,24590.254991995298,593.9048568704866,373.88831913605037,0,0,Brute Force
373816.04508091096,22,32,942.0103084479782,30.064655745851073,202.64003757144727,1086.07520046556,9.1044231456709,790.3586264801024,56032.62699706106,695.6696941173327,1192.831825573613,25073.091444356538,146.20290126890927,195.08535763586156,1,0,BENIGN
108798.10873018837,1,33,1093.579268566862,5.635404822815948,706.5407261588442,304.22067340788334,31.8903610259243,387.3050733172837,32894.40212645931,158.32343874794608,168.44664189048277,66192.43656454302,458.3270948398116,61.04271082561635,0,1,PortScan
525111.3638036764,90,76,857.9943103715805,3.387046209707596,726.8467856627957,1364.3914320029933,27.929319592525204,743.903580293982,81164.15773832769,828.5557220694567,5701.381427193633,30612.859229635425,205.5273274884804,163.60001101946457,1,0,BENIGN
258714.37261365788,60,66,1111.8590824262778,38.03488818501712,103.43867785146767,48.22674939768655,1.1919905491833305,468.1455154034525,76307.05918772316,367.1382432499601,5456.93935552891,51641.4681916682,112.02587760993487,160.79413211202447,1,0,BENIGN
811877.0370874868,97,52,1210.841627265802,29.072745638089465,642.9177632639253,1019.6342182534969,26.793333552651543,547.1949660937742,51452.87468885259,363.410898741498,7304.650708953934,29871.61489853829,452.6056199229906,216.67781010894066,1,1,BENIGN
258825.77003729928,7,67,275.91775256677965,32.91922501257162,485.80794442141195,935.0373144496831,32.82245647196391,300.61894055870835,19443.979195483356,198.48552345750457,7328.8720164079705,61415.37429470012,295.22632158358135,72.53269732021178,1,0,Web Attack
21.863304635892263,210,21,608.7475780140991,27.653994571046496,568.2299261380269,667.9726794672283,27.642944264182784,436.0330964808953,97695.4485380518,3250.8793563089876,6010.666004379001,49128.96520734085,187.79442193984775,374.9952160708517,0,0,DDoS
374893.0865305713,58,89,668.8297842796716,18.93383523710473,605.6084713350737,1157.0001185904741,6.342238731666483,490.50694748892437,89630.1600481116,108.87573022367236,4734.411304896044,75037.8087096102,504.73341413058085,50.292828298311946,1,0,BENIGN
995846.0171561013,5,46,1443.6897160796723,17.07864797124877,429.6398046219565,254.39832684720216,22.04125410720628,149.9377255253024,61160.311686763125,933.2653417140957,1965.0284076373655,76458.72616852963,57.86184134192627,187.7486206608105,0,1,BENIGN
173619.5659469196,95,44,852.6709206303063,8.528567826405776,562.9639034304953,1441.190746134676,18.337034961796626,437.4482909518527,24057.185889831242,891.878796952706,9712.032307348183,78631.82553975457,452.50786164145103,478.39841225431536,0,0,BENIGN
537651.9461557404,30,97,1211.5306992809067,26.816115640654562,136.26043409787889,545.8189087208682,13.563073935475455,469.8804665226258,29216.695924023905,117.3600423769552,6540.289829914783,85105.1834841169,748.0221525541021,486.2892088297379,1,0,BENIGN
853126.5130543008,8,21,1105.670518136851,21.250720198433434,669.7406615730756,661.2383699459454,2.471752429600831,463.18602027067783,17211.926411300552,965.5210805896874,5274.361027596661,55360.343795787674,729.5219417392615,312.2926225755874,1,1,BENIGN
501628.49204146554,89,79,753.2992944538687,4.557527325119413,103.80326273983572,535.7646745227519,12.433846220695731,764.7789027320862,78383.91197009863,659.9583028295341,5181.3044092858745,16745.079397357866,783.6270708600557,187.520349120105,1,1,BENIGN
874010.6118119219,79,52,56.01023744241299,35.45182979005599,246.32800529989248,96.89965139389768,33.91161081451497,696.5387345510383,59663.48487625077,574.4763139206287,8133.07152348798,78633.09217550087,716.4801598164551,276.37372379835176,1,0,BENIGN
116632.95553763272,62,140,769.74049631294,15.502653531993285,505.9349555108634,121.70971360253026,20.258444750683196,701.8768332202667,21424.805462282984,426.4472557799482,9395.414068271606,42862.09814219167,468.53910085893415,220.2683240616891,1,0,Web Attack
80071.27316366395,890,46,1233.5221652316047,21.348826454083223,297.24518787966304,1000.6082090543447,28.708890189739655,464.1172214784105,5755.8358161588685,3399.3177374661764,2860.12423169338,28269.734339089795,551.7998081876217,9.174330836816292,1,1,DDoS
310090.8440314808,53,34,355.251377370878,35.378852543021104,104.88027228818962,688.7982489595547,33.976890778195596,508.0413597601392,29303.71863267908,420.8181317556831,7069.876859621721,97326.3417289563,718.7854259683694,171.2164041911884,0,0,BENIGN
27726.99283283425,96,37,331.21552277625597,2.4307707358496344,220.2325356597417,662.1062248120559,29.222650817336195,514.4950001789161,23838.359634286,503.32012105577434,9262.878912931701,81502.62762060593,285.624236472163,491.13228067784814,1,1,BENIGN
35257.19721730982,3,30,1384.8914011438103,6.869246516074767,89.6051942622489,687.7701714969708,34.024728341090864,98.27101029590037,35617.98298651781,899.7848570758703,1190.3739439450987,31073.743906135544,631.599664767135,271.60549356940214,1,1,BENIGN
920562.1159625847,1,34,266.75700941419126,1.3550185762700018,792.2794502862323,744.0873247615397,22.883016161417252,508.08759758659795,78987.87943177222,812.0067702490132,1947.312990954541,23671.30769594632,706.3931019992427,409.7588023752932,0,1,BENIGN
735210.4251569685,32,103,1276.1003339257102,16.5893054548056,67.47602201137978,509.2750656050391,30.542049362375412,769.7567174617196,27686.027988689068,246.59167277727406,5640.529690127018,81170.27312724806,911.0392776634792,279.9794512814083,1,1,Web Attack
432631.0075768503,82,64,1331.250243273171,4.50218029462063,556.6028239708418,420.01346786093427,19.023096388738658,267.5537129874409,32392.207174241223,260.4669743096609,7530.401282742432,36577.92855933292,592.0313334627028,228.03496505200638,1,0,BENIGN
975854.4941356544,30,8,343.21877928049247,36.47167761466409,172.87785987983565,1258.2573549327433,6.008595818677032,540.6304940128288,15139.027245127152,923.0935106575055,5654.432743701784,32934.09117561736,146.64530897233215,185.59611807299697,1,0,BENIGN
246169.5266818345,21,41,650.0199051421946,6.632249441211693,157.03087261086716,1072.894505723908,38.986875820650255,217.15149385516284,77337.54522306584,87.69794178022015,3821.943431331295,50673.74839929761,244.2476784202239,264.7892082571252,0,1,BENIGN
100646.89867761215,31,97,1232.7739376933193,26.142429021807715,677.9218562887967,1418.9523045740557,10.916869101309473,168.94242175510632,48450.67595822074,701.8922405815334,2279.640619290339,420.1040285124058,450.9460320538441,484.42966773389423,1,1,Web Attack
192656.83973710565,78,20,287.965572619822,4.252232852518056,729.1242031551409,1496.5694940281915,6.564577583831612,81.4371447474926,33040.137603906616,461.7130148433392,2056.164258287786,30149.47693073786,192.66175912565984,387.1302842162256,1,0,BENIGN
38727.91352934969,350,51,1455.517510641129,6.94557250501648,209.48960747302732,807.4213008805397,3.6500227712898115,371.70078310556573,58220.947351293245,10442.427275604387,3315.7767449494804,54249.15614965991,768.6887252367244,103.00870214568802,0,0,DDoS
66509.76284098679,73,47,193.2112032788062,0.8938715370742933,170.34987821249686,864.6797896593787,28.133638180757295,193.8837087474488,66859.11777709663,182.5580834661194,6138.439692046259,41201.84839278093,536.8876270935486,497.52637623962363,1,0,BENIGN
885450.2204858694,72,13,451.46549148553964,15.281393216450837,109.64503593355316,203.918227160208,29.069622609172786,757.6924991687016,61113.77464593552,715.8784305252584,7622.077748525563,26288.799312548643,74.37451949936334,0.9363719595842923,0,1,BENIGN
62411.493276680725,6,6,1375.7224357013608,5.610688538366757,448.6128326306362,905.9346944637603,21.73957830834535,115.28289000415086,31947.956338880067,51.36520542990695,3962.742441822197,18868.007137846485,466.84072529612865,346.40419692455026,1,0,BENIGN
387394.68751460675,24,57,360.2773749952943,29.368733581154753,615.6865668024905,652.0320106152724,11.892023969025573,397.61152939494116,9412.071196680581,46.02543922586707,1124.915962524399,18722.631695907996,423.17438345691266,424.5683180805611,1,0,BENIGN
954912.4181441099,47,64,1262.8415926274326,14.553001631908824,95.23977236199352,870.4753483790826,22.34725775748935,685.9815830032926,99599.5059895159,508.20649082949154,3458.5882700874445,18598.312138511137,65.47180029180264,254.55684624443958,1,0,Web Attack
1009253.0203920227,35,52,360.8485985315658,26.004022106022155,727.3092985902389,164.81341053329427,8.664641431043453,681.7615007178507,63192.19319565156,78.80104625085096,4868.637649943858,20983.75391598339,191.313259493253,470.32267168026186,0,0,Brute Force
981919.592722964,10,10,48.58417123997836,15.523856948040784,250.9855022506135,872.7492525092825,10.020337435433389,276.51607308951407,85018.98151382004,603.2285045221782,1465.3684480203901,72649.88963414819,197.66899312470758,216.50246505624006,1,0,BENIGN
384168.4039943246,76,95,1409.3499919995413,21.16980227837892,47.577938383033285,534.1570768130725,15.945373393821377,297.77195120170546,43683.259225444715,632.7029871930179,1220.068989707554,27270.324581661876,425.8125453733947,157.78665408998754,0,1,BENIGN
869812.173676857,54,76,1260.570219594631,1.8759296378067125,760.287516026147,227.96414071443832,1.3761451085717802,354.9209020089837,19543.93987250982,184.27811001026984,2885.3179376277444,24848.076468633015,560.4445056341164,93.38865331803503,1,1,BENIGN
432439.18271419324,82,138,1455.2826494856156,5.50555992165457,358.14132706271755,1281.280904285071,37.292227309795194,496.93940404876787,14427.718193768314,901.4814367892602,1752.7211962475162,35294.25605472853,488.07909464897836,223.64576993631403,1,1,Web Attack
1439366.2155415728,44,24,864.6738492370413,29.899718235256,377.9151824467725,1419.606626233479,32.95242087521404,524.9978497699914,6336.275849883086,652.3810129583799,9116.680216509667,37950.74423422633,676.9807194600744,156.5805714310895,1,0,Brute Force
536475.902943768,61,47,423.0595945219031,28.16163973242947,174.66729748786895,717.8347912473821,0.8013753630886056,147.14429611248673,67916.75386438325,747.4868573214058,1162.0371420463896,22778.67794561559,115.16737936815883,216.7064219625584,0,0,BENIGN
732125.0459755515,48,42,534.9816826261082,22.856455721769372,380.0086652049312,1002.3296724298145,2.023022643160415,414.90816434160894,29669.6632518823,326.2524427717815,9609.565141265033,18277.654323011164,276.5463919597337,254.9462878654359,0,0,BENIGN
743890.8943600822,56,93,1385.0222965584342,12.245946036742993,228.26033855207572,601.0782738383592,2.213679942018114,655.5024304714091,98419.13096299622,824.0468895073661,5554.203595176956,29535.24422859015,190.25039529312127,182.03143589833,1,1,BENIGN
934066.4141024776,53,52,189.50489930583248,5.261008955428399,553.9417808280842,376.9218493713173,31.641195080470048,489.43218816802835,23060.069720561663,478.73892880084315,4066.702160746663,87317.20432534858,64.44348098255821,447.921945233395,1,0,BENIGN
2707.202646294472,2,45,899.189799018098,21.488222255451994,637.2588110964725,851.5718007388977,34.2838875823943,216.79992967132517,80617.6606382728,179.39484154752324,813.304674177011,94046.94724766849,295.1275481558919,264.9431569900944,1,1,PortScan
446020.67387736525,59,13,926.740319877506,7.406601816648104,516.4563722785606,293.74633141744994,2.553041388388544,291.0718434112864,23190.920166783784,889.0027393924767,558.9850041475797,17669.603120486543,457.02690024311755,240.5335954237368,0,0,BENIGN
988069.1351669538,15,28,573.4929511162729,18.817289906529652,242.57809154525808,543.5157241920863,25.961778690728558,710.9369671392018,18494.58930581037,840.3774692347802,1224.350728887508,21507.072436603237,68.25321891773095,70.40593104649973,1,0,BENIGN
77758.09519217572,69,90,736.1904937165713,12.48938081666016,256.6136110372719,1106.5769110701915,11.071203258630987,583.1544219033199,38457.61661910611,770.9213144783706,1436.6711585688693,20505.94452100251,561.2928203473243,280.1155600991313,1,0,BENIGN
276016.552997905,85,72,335.3403951339054,15.521104733660568,413.6515300847204,471.0606995888619,30.763746927859334,339.3890637711478,72978.04899588083,207.15146817270434,3776.5846129638553,815.7483066645617,924.8468456616313,312.9433221652421,1,1,Infiltration
799760.6696484679,44,32,45.27488149998845,10.147771803540477,415.3574276767485,943.283530579478,2.623634586585486,575.8607454196817,54399.25615496126,525.8267288876038,2927.5351253981717,59486.361718062784,60.894596120148734,32.35016525199425,0,1,BENIGN
347032.3789169214,18,98,690.606210465901,2.0797372564520122,268.2760499140464,809.6009257954383,18.62527686236548,799.7489287735057,38937.58874647931,387.0603593483835,5040.781956370459,19038.40799602027,705.99136144896,286.1338944322243,1,0,BENIGN
34428.73792573897,2,70,176.83830444718598,31.23732719161977,793.5458430916615,815.5502395926068,27.311180007765216,220.35876228001118,43816.014601003975,856.1097227031601,168.25552479850498,26560.905205320072,378.5295932173829,356.124445922007,0,1,PortScan
814885.5282639497,1,67,369.940677865779,26.256525369186917,164.80488825278292,121.73121589806212,4.840628669945954,746.7884351819423,55219.91320566118,796.366140902101,333.3218464041462,59269.93820206581,416.1636216157936,472.868979701147,0,1,PortScan
508889.96404569375,27,98,1409.6527626711852,38.650148289603585,780.0894084950792,97.12221503679092,37.84790105920127,798.0353487892431,94248.66802361415,670.9718118721298,7015.289222560923,12234.071457946031,704.4657785769715,29.81979231438575,0,1,BENIGN
422385.646315085,89,142,1455.170206591657,39.365585881669446,182.1524407814229,1302.6135607606493,15.61693304775567,329.840033009903,26343.493426500474,44.80580352744102,2687.409747015383,5387.152764251871,1113.7841328503582,330.86033619636424,1,0,Web Attack
131373.74239553098,2,19,1353.8438583038399,13.923043116041427,124.76533866727414,1068.0659361517557,29.1344521094689,721.5900740789374,5360.310369162884,141.78966764356912,598.6505440863032,61916.963771499555,65.54334335940477,198.4660255308292,0,1,PortScan
55615.99299330644,750,71,1432.6867932907012,9.21258701559382,232.31207642312114,1412.1345536534582,15.836446030507343,585.9447266357645,61265.29635011464,5713.182420521538,6539.086597360669,65560.03443668775,490.25682091089794,49.830412424756446,1,1,DDoS
638287.1602984492,93,98,1169.930582936101,38.87297698717624,312.7904177923167,631.6935725397956,36.223042359862745,161.32857953953908,2956.624352108288,908.8981159486269,8217.699825434627,97258.57742480769,84.26071486011547,78.08866522049362,1,1,BENIGN
60604.947273976846,930,10,1411.2672388099618,7.467959395086909,190.78455422674446,729.7920801267635,19.664533793613227,54.009999372563875,14880.678403519672,7564.340061577714,6840.469628170285,22849.561498625266,361.4909791437396,278.6725323582334,0,0,DDoS
133644.91003689717,92,12,1246.7714633077028,39.60999471684798,324.7513962799065,408.51799420264655,4.569334233687328,147.08372493557584,85370.28072570427,588.7642179980434,8738.354662170934,78947.61435232652,552.0459188364935,304.65609595343034,1,1,BENIGN
417900.2774735463,9,53,72.05211274045026,37.44294007451148,726.0827504299211,833.1859236804341,23.0924653267343,575.8130814266514,26543.020153971393,221.99343115103122,6743.489236550311,10451.200391429227,577.630685384654,246.38021199954503,1,1,Infiltration
355380.73269892216,80,19,798.8240301984102,27.27187245137546,381.6062935409253,392.83998991999755,0.056728805356618395,465.57275183084084,59106.45713820324,972.0517598792368,3621.1685576018126,39419.38295040289,193.36768182006458,35.26714761866096,0,0,BENIGN
608943.970543935,78,42,797.0558926423943,21.540354920564543,233.3595733086061,145.52028826015177,29.785631853808248,616.0612649073478,99783.855989527,900.0395675776642,9261.360024531248,79822.40053613675,507.7821685706993,64.27297880225524,1,0,BENIGN
885310.5813600651,2,75,1058.3103346846683,2.08974654783856,446.0288014213473,479.84456086590933,11.398730629489826,336.1384951744187,163.88213996743667,466.7142156320015,4870.801169243304,86314.46027474802,380.87946199068665,181.77814693383644,0,1,BENIGN
472665.94731327606,31,70,1221.4046943628555,13.627054758806434,335.76195164131866,1143.5751046326993,2.919349584550779,697.5285601888766,43077.2493771502,581.3348462080978,7577.186831005753,26612.53172471009,716.6387983236948,489.61248612830536,0,1,BENIGN
1228.5096647300604,47,80,218.19849993872134,7.57335013988282,200.75559348561285,853.0603318787178,31.482266159614653,278.8793078307661,8558.514446101412,464.59200967806674,7483.621309187756,22174.167670307954,310.7139847648866,473.6135136733554,1,1,Web Attack
807678.8356146227,46,128,185.50595579094323,37.0154685730137,464.43717395485254,405.29855111277107,8.25167260289454,143.32046584287318,42521.27689839604,135.62745898952767,4164.005961826309,14885.555119129427,808.7605745372338,392.62101084317914,1,0,Web Attack
93838.48992103526,70,42,571.6709693484686,17.97920634699662,693.9991718147481,230.85166566714074,13.029480898017308,478.7328524175679,67671.3179839026,15270.454510483241,3188.8858920009106,14594.454809574938,765.6777993541855,38.19610856601974,0,1,DDoS
819289.1010407839,33,87,1409.0409286433742,5.664103024519536,325.5527153674514,451.9275079336967,34.43480494218688,411.1495114137123,2782.1086481250686,707.9936103977127,3893.09399728776,53119.36486946752,719.2784445275985,128.36888731640585,0,0,BENIGN
338174.1804605767,72,32,1057.9407047805407,8.295948713165462,743.8707679256452,354.90201830841124,10.225681172351004,265.73537389622044,76876.95589144045,427.6637267932856,8195.152894065879,78487.52269845529,746.4127213032746,378.30207755202736,0,1,BENIGN
1876157.5788914813,48,66,222.89068743339908,24.530930773061385,191.58858607196115,423.26407573239453,29.823373528914317,783.0274654512858,59526.064596155986,850.5994113752652,98.7492002499909,3672.7976685634294,493.5104963676562,194.49155080021956,0,1,Brute Force
291729.60462388693,42,72,1366.4025064818097,18.581343386323887,362.3582629304529,1280.6394514441256,12.479136065915938,661.2736618283303,12315.057986862812,182.87025451156313,9508.908245055629,84246.32460586273,334.80316510686873,319.2282243585147,1,1,BENIGN
59104.56917597836,66,59,148.21399460349875,1.3896858368930776,396.2374803843097,622.0425597768816,5.475212787673107,562.5770859797576,99291.05874083652,395.7072565145928,6249.34077281477,96297.96447702493,671.9665790596251,231.7761116513429,0,0,BENIGN
512152.6450782528,17,32,77.26481305338528,29.090586343709987,671.5691659691086,222.51998756908225,5.418344596369451,664.8902397695608,92198.54813265195,790.7757611904822,2015.4420422036003,41158.00673122775,496.6402436580947,80.14673691041435,1,0,BENIGN
509562.3189638074,91,19,492.13362395312555,11.884686325113677,272.40996266160386,1331.8124982018858,28.95180920699142,548.9894859516744,79895.03998030488,257.18895153784456,6184.247692696739,46012.02323340552,634.655642752147,154.62805523664275,0,1,BENIGN
402210.2611473092,53,102,793.4342006190175,13.838899512281039,550.891289215853,1428.508070132965,19.42433271987388,394.30457491820573,65493.02153912688,103.58715384320833,2542.5268273608963,91898.74275678485,823.7345792346935,6.722021991708127,1,1,Infiltration
76442.2762642318,620,91,1097.3915487475822,35.816148982330226,618.1187102896694,110.43641977935087,14.864920414310706,247.4977473316128,38674.631737733405,3203.1930280560937,986.0639958690286,52103.24440541498,587.4897962584597,350.9554509659714,1,1,DDoS
516377.0896363905,19,40,109.97075689579516,28.395844354848954,482.4726845755385,329.23872342049833,1.9623541498505803,122.4811208239952,52516.665007785035,758.4326892382737,3353.2262983737664,37918.599831415115,749.9512754350454,106.50654201628801,1,0,BENIGN
745947.5272803245,10,96,1448.5386979344726,29.39985753178293,87.01468253130328,1127.1619080269106,0.961542236234334,534.2457255692282,21127.235345636607,696.472564816654,3104.6978708114834,87301.90073247693,296.05451580950995,309.84792770214847,1,1,BENIGN
781017.8814300696,91,148,176.49884791262505,8.435113624294086,221.43389705247023,1379.7444587456969,3.124387550046248,364.83549134265917,53286.62885396861,898.7031844967806,9976.985224425523,75341.27761083438,1166.7017292486937,393.55056626793686,1,1,Infiltration
79855.44910852597,1,41,984.0320343516067,14.028740378170038,247.77177776647173,883.0029300143128,37.3400750680974,66.5862238722767,76946.19723378963,722.7550053168227,963.9894719628988,93071.81512103103,619.2967471535866,260.2043823412993,1,1,PortScan
744191.3459053609,18,26,616.5051237906665,24.335368672661023,70.55100535598619,1152.367856594343,3.9835459331335565,341.53070360769726,10451.51688773016,837.0907383745126,5507.520910425233,69098.60246572555,558.7624490803859,420.80311582925225,1,1,BENIGN
57517.65409982171,530,92,334.07744688129173,10.702861655128832,95.14284532616628,557.8909166122502,1.0881003486190277,460.4194541158745,21228.945961920752,5741.4881039729535,9105.611545451127,50286.656743861306,244.45058774575605,299.2308791240331,1,1,DDoS
21004.26376482864,87,95,1097.9318032489498,31.997925931695296,785.4974734159123,1400.1779069836216,29.476527945500635,567.4301730626827,33751.31469384413,104.10685006992261,5741.488258192084,57629.56697590834,763.7003369159655,221.28540333085468,1,1,BENIGN
176842.55307813917,83,38,894.8505020223763,13.923821900314962,539.6187100159441,62.84508419541632,2.5749953406015846,115.74247607574897,41957.46916249208,814.81469304271,8882.897324680043,24488.625898689468,476.52099042165065,384.18249634630024,1,0,BENIGN
524021.8052654454,97,25,670.8702302209771,22.076048739806893,673.2485462423405,1211.446404434418,4.001731377200448,749.836478674272,11130.398027977026,634.6070514833827,6727.338873019801,67990.94994743659,241.6668904732971,165.17254588249597,0,0,BENIGN
20408.436786567883,15,21,1240.9025876136686,16.240501447528768,788.3610209755817,1164.9144634118925,38.63800820450294,430.8881239714927,47421.74411584098,755.4782639443254,8804.109717504167,96414.93812859715,286.6594485846998,399.3522869213195,1,1,BENIGN
179930.16359435825,2,79,1399.7832161214305,5.843627990923443,520.6246803027493,905.7132384740089,4.829534108359459,287.74407326429724,56341.85230107505,187.2598911275914,8008.230327564026,97215.92938837963,203.21714397147878,93.45598239528796,1,1,BENIGN
281672.4501742279,2,97,100.30988720533863,32.369522866987246,459.2956119723786,502.4530270293094,5.053796081128001,407.8748657298882,52573.60853712208,701.9783061304073,969.9672732366444,43500.203585433395,348.5859970117207,184.96500229506125,1,1,PortScan
783006.3511110716,6,87,861.6443033702362,9.974092436268078,660.9073694148927,201.3319727924274,33.17786559046658,498.0746483857774,18772.26252922502,542.0811819675675,2832.163380104931,32353.498799702356,307.16131161362904,31.65962348616047,0,1,BENIGN
662530.62349696,35,37,792.6079677054468,5.335379741713595,784.340755002342,416.33819481884575,18.353653584111328,204.3648637774501,49442.8722804096,756.0409808069355,5215.809122802008,28572.03058309834,228.78142263779296,379.4672031135267,0,1,BENIGN
151567.56838221996,38,24,869.0260934433926,13.977004507751523,575.9436239771895,824.5423138712407,18.76979783482159,428.6066531824561,63671.17771417895,660.036604314142,2896.6886132157647,14082.92890548141,159.04197770479425,319.6954429515008,0,0,BENIGN
169603.20831342944,4,10,1255.4346326523948,35.22329772483866,501.19188597443724,1296.6636967066036,0.6165983379363071,121.49920934483788,9348.349098504665,712.6334237863075,705.1220176003544,49641.473602906044,399.25724296357976,155.35176177912047,1,0,BENIGN
352527.53812079993,76,36,1380.8177395351795,31.110330169319425,782.2279464343454,355.8402964427553,5.631996488387618,435.7348743501063,82920.85771278753,39.93510692897589,9955.700953388821,60228.570461240226,783.9957772578468,182.5408166168885,1,1,BENIGN
792721.1805162625,1,39,1397.5095860092752,34.69692487338914,53.83603035843091,227.7094345485673,19.843884256282696,390.32619072601887,70868.24641798004,89.80240491542872,645.2104513904295,61640.829414146894,217.55089484331373,271.19698213419974,1,1,PortScan
766721.1540510992,23,140,558.7907780585218,10.262929039601868,242.509464451336,630.1205159125537,28.074220426024805,69.4914382635183,95716.70714898747,46.37525150129858,8813.71928762615,89438.86609521227,657.9176738543365,68.49841430948372,1,0,Infiltration
85777.31819113306,560,81,639.6357180188738,33.53164775416455,785.5233659879904,981.8506795305826,34.97548149211238,495.0386857500888,69009.82034188954,13763.966016743278,7050.82199853425,32108.134258424077,477.50266116650135,297.0677919868977,0,1,DDoS
762270.5403402131,42,36,436.956950001046,20.3910737881405,173.34577734967516,1217.0660965517525,35.537268205763844,686.9795178661113,43393.35817481381,758.6980172983123,984.8159040669317,4034.074614218877,612.4596748746583,212.67763716434186,0,1,BENIGN
855642.1187670802,25,93,1247.6392854356604,32.68509128680579,736.1539210351788,474.86101647771005,37.991974138480124,155.26688987179142,8288.680881589704,431.6723558206119,8284.946456732008,47347.37885203822,670.2578749231907,364.8434028971526,0,0,BENIGN
60875.090512540475,51,67,484.48743552594607,20.00592332657597,360.9874232525582,290.8784530986976,14.325874656067725,186.6301715825244,20468.258898506334,187.13813034277769,4895.283629662476,79795.15743745644,708.6258384878147,446.6032942754209,1,0,Web Attack
66764.04690040305,980,98,1046.434680412121,2.7883098587584465,693.4871186559039,1175.6057294281193,9.809198329267153,623.7046652331027,1362.9958798618475,4346.496956472646,660.7210143222504,78024.88939262328,614.4643548955743,406.81801190091534,0,0,DDoS
704865.7138975848,91,57,162.80074499214115,7.253034244172527,401.60557939589677,994.205122914409,5.8347650781558436,180.7697314315128,20524.19206985973,238.77693461850856,2273.2729467776494,39520.959358678694,536.8801346359094,219.01589156723483,1,0,BENIGN
126614.26135767077,1,74,156.5533571817952,5.933567228788523,56.82128942416973,957.3710933360345,23.29482252633394,790.0467864907943,88704.54639208548,410.9020931631616,372.21425507162246,29692.234907655708,155.82925922878985,69.04182830100453,0,1,PortScan
888321.9910669174,67,6,1186.7147952658752,18.329873677371673,68.55539324190372,758.6943533132588,35.93782136576732,184.74211826171435,98260.98795385772,807.7098509511701,7101.199624897827,67719.22419265285,486.1396702696596,360.335161624566,1,0,BENIGN
1392752.6429993426,34,71,1197.0316363623301,3.6828018283561015,82.28698724268082,1209.4393679877144,10.375360841529847,482.29705370897886,44426.71443637672,22.13699974726747,412.4097690810521,82714.25297545678,501.83494673143014,261.92153936842243,1,1,Brute Force
989257.3129911973,99,95,1444.6300519343458,31.185374245339162,704.9102952560296,1071.5332631626588,30.42008017668959,437.61528747802055,92431.34631133187,825.0564067322994,8440.410806999666,67304.18000529561,271.48075978630925,17.814897695069664,0,0,BENIGN
298213.1568510254,42,88,911.4437595108111,36.994890217336405,739.4860262443336,460.34262042032515,29.424839110395396,629.3945011980952,80901.4276882812,570.8052085230049,114.97490101488214,76170.01178177039,121.01406187030604,58.435693110200916,1,0,BENIGN
242615.21931847325,61,126,483.33432277689747,35.949044544421184,491.0728380065367,342.91689837844746,10.485242017817132,368.6853551177719,12292.15184677829,78.8254949266553,6803.813343522082,40722.43455829114,887.8974027321159,55.02910021881075,1,0,Web Attack
58092.85459158286,45,90,1248.4708317748718,25.27829861560115,463.2953256579408,234.8647465257022,11.498284540163318,414.5856818228275,63365.023012604834,183.31239567028135,98.57411855489772,34482.571125056864,406.9823054627451,92.21675279840153,1,1,BENIGN
455144.1571397971,39,78,1382.367216815275,14.141928902538204,586.821257836302,685.4714694633573,26.209299383053764,298.6412272666255,32323.66773966351,424.4914454686933,1464.2219089384866,83115.58505389391,305.01040047484383,200.07477695292258,1,1,BENIGN
544299.4839599278,46,15,1334.6205193916842,6.77866835553758,399.6434227377598,1458.0924920456764,14.894651929144107,322.39556247231206,19583.520155736518,114.4116818077133,7405.644859652258,77005.34656546463,776.4498522622799,386.7091054526815,0,1,BENIGN
985438.8406312233,85,5,495.4784519513343,36.2382083899753,484.67592289418945,353.7119138197365,35.563849708649585,794.9542498416049,8759.18825896799,862.265403139657,3911.251819867096,52412.00392620537,735.2601415813854,486.6895978875586,0,1,BENIGN
80608.50693565271,98,96,59.86241735797567,16.475931904397463,95.7718526555265,631.6296430768276,1.5972875706243705,674.7651180626643,21052.925494462732,328.3758794868762,8701.779486097856,74629.14347260719,206.46915484796443,35.94970932874803,0,0,BENIGN
766103.3911183093,30,48,1137.418748727142,30.063216611313518,291.33411918347633,61.83867210641583,2.2019185197685776,254.3657906722644,68985.36404739405,906.6924703344278,9588.394639285556,2594.607897368944,792.4663066809061,161.24860917834687,0,0,BENIGN
62991.9677810985,52,66,1294.031067254812,8.832996635112643,157.00756757140005,1368.3143202672782,37.533488104858364,49.536631383570786,72770.83016780662,309.27681575567374,3753.296655972224,46915.606465399476,364.3611373326348,257.48689249105263,0,0,BENIGN
701593.3841354685,85,85,1474.373141288729,2.3991708876606577,410.8478062409691,1170.1300921413294,6.046478327529061,504.76401190722817,24022.53147549323,867.4173728132452,3277.725657346792,32912.991061921944,494.62734767359905,91.78145405995436,1,0,BENIGN
353702.49935379636,46,59,867.3344824752403,26.16673247967729,273.8896326219434,224.58229164634096,30.432301657243084,686.5930907993184,25774.92259902098,407.15124696240395,4990.7064774659175,53337.35100686611,541.2125300266155,20.80161667766067,0,1,BENIGN
468341.7388161006,64,94,313.07049511127934,13.910600836585116,556.6510939289402,424.03518666414834,17.075467828366637,333.94537851007834,76582.44737272692,883.7986835539183,6996.71585854166,34166.81007069408,369.21455722167434,71.6750770268607,0,1,BENIGN
130673.29892555407,18,77,335.9247757644021,4.473837751905316,526.5981486320125,1485.9862404900114,35.167469786090244,74.65807010782552,42363.5750387528,859.324648174849,1355.4014317400442,84766.03821373775,490.45248475680347,465.6492762980559,0,1,BENIGN
65785.68776067083,840,59,1484.2415276652157,15.861569102579365,793.0972808438294,267.652328173794,10.141991037276368,107.6522547977611,27246.67779679972,15359.215157256987,8530.714338202712,77891.47558380615,519.6099914074491,256.98325626132277,1,1,DDoS
841324.2206645518,98,12,1058.7948598018365,21.43743972516285,712.7740280004912,407.9415111714166,15.245906134442029,631.0083529550437,49325.61472332084,889.2250920228485,3470.529204430895,36939.32358027628,715.4391999338353,232.18516009102052,0,1,BENIGN
276742.275184864,40,49,498.5529695729766,7.685173088074664,546.9853990150144,878.8250632082605,12.610250294993195,429.85016867702177,24699.086410500324,863.710089356792,3145.049615468344,24522.851424857625,611.3936204053349,8.796243996957443,0,1,BENIGN
882249.7379952027,72,21,1326.6243113510043,24.59640343207763,664.9962704974472,837.5674929938145,8.737529799547215,452.23169779551455,37174.05521128115,697.5292861334908,4763.1799794300105,83612.91936471949,555.3351093646567,342.27221651566197,1,0,BENIGN
841691.0417505616,65,149,522.1142287336401,21.425266113889275,144.19842293648975,826.1749259275507,5.835569859331491,460.3087614320969,64907.31582747507,390.25694765317735,4990.46333452962,87566.58223358184,183.76198496120267,395.86644649982645,1,1,Web Attack
185656.04528477328,66,52,631.4840670718156,34.90082067384728,438.77773129852204,72.4855138124432,28.66854438407707,123.77701062813685,78959.02538284624,168.1857395501995,3461.0093941970795,76129.53024823978,765.2158316820804,185.71697532336617,0,1,BENIGN
807199.0522254709,67,63,321.4055205300579,12.100158414056462,140.14587533374737,599.1318361538974,8.145945644931096,529.4384447591599,99451.05991163381,12.107962167955714,5413.788934740113,57370.92308892548,734.798680157417,253.00266738346878,1,1,BENIGN
268977.41413102526,67,70,636.6402160263607,2.1036588496271413,458.3742767940975,488.648719133748,21.34409606101711,142.06569294034188,93269.73357736203,894.5317914255799,1908.065126930822,34350.99388656805,506.2545066075045,47.84310365295313,1,1,BENIGN
915525.1770438249,29,52,886.5558022496211,20.813853474862967,747.3516038545018,1401.3445631490704,38.77320501406642,135.28795192222262,16139.725295240705,676.7690250100186,5418.93042133235,1856.405830274664,87.10102735203472,444.04019112940256,1,1,BENIGN
891061.5118688416,16,21,1390.8606009487014,9.909211430966351,689.9777892949623,1383.8744885299927,36.08010397879606,763.5787707585309,84226.6513507146,593.5266567961305,4104.3625261153165,49173.86172551679,703.1852529069648,150.69918870859124,1,1,BENIGN
827011.9104440099,90,23,441.3122850145436,27.104527021704456,69.20915404867705,869.6126108733256,15.937006749578547,783.1733216970961,50805.268886141544,552.3125256750228,7126.503007793764,48459.00272775341,210.67215065033108,268.638923274224,0,1,BENIGN
679672.9909041731,89,46,1251.686576955896,26.361365323332947,599.3573311311909,1407.2655421049296,38.39008417601426,776.4157790447168,62601.59865743195,384.77317870025,1340.1997582734364,38560.944654026884,756.6461455990705,444.8985402961948,0,1,BENIGN
308989.45756001,9,77,1083.094801151517,16.097229025911677,182.8677427777857,829.6549850846135,9.01347645817312,780.458542569576,39094.95740979422,909.6740051119552,2263.284426070207,18929.008440524587,508.8448580702004,389.6895391516603,1,1,BENIGN
37990.573447707655,7,37,231.3143490337005,13.727055481293249,553.5964127901359,183.11422325108055,5.090059191358232,86.86631755362714,99608.30497779198,387.1380609247211,9058.893725668999,29365.627986043968,612.4339495067768,109.53330815618945,1,1,BENIGN
1632705.5309103862,45,54,1242.6522430362872,8.45889125223517,406.4843671458937,747.9123529118516,35.6200994939165,265.63779034356594,93156.43974956592,450.85065673246845,6701.172161742414,26895.622396810642,351.82656119179353,354.90046603457023,1,0,Brute Force
564446.4852180488,2,56,1011.7123276315667,25.892818936817292,227.24221319219671,616.491169671188,27.33214610416086,717.7617007271999,31623.192617127028,215.5640733807904,594.10228283704,6729.037839290286,583.0516931020039,351.5692716437404,0,1,PortScan
861841.9480115203,17,78,649.3168893336,34.49670161079072,201.83405620058053,610.2385912850045,12.723061777125197,154.8437404972329,29042.820020940802,232.8490063468592,9236.70036830866,74110.46966623417,280.2372021549465,381.6695266213549,0,1,BENIGN
250409.53027829964,28,39,1170.3547149228839,24.281146175381867,57.24200005866013,1399.2925274436511,27.44933120385791,65.98854194010352,81901.40663149038,200.34612810252432,5796.419683815357,46668.77065131921,359.07747458985824,444.8568600621988,1,0,BENIGN
946644.0633422311,32,9,864.2743295663826,2.96225937988146,406.1352509332341,1347.7854298814964,7.5268638338449545,291.7034668357053,39672.58430866011,586.2620894560924,9193.349922797852,39459.97543216013,92.55615891510035,173.9754307154962,0,0,BENIGN
2935.9182956415452,340,48,835.9533205596251,11.093368241982171,458.75641534239315,207.47999039328747,37.7122195195849,261.0891735707139,92307.78385504935,6518.0571192039,7820.583509818148,24626.273872550686,549.0243658160969,161.85810691138357,0,0,DDoS
58892.361695244035,370,7,821.255898800881,20.46033459062555,241.9156337821563,1406.2677540327654,18.316766687984835,136.96934185840664,43327.220971192335,2542.810898259603,5030.29152572818,56131.938730472655,296.6943787351249,35.82530711574233,1,1,DDoS
838897.1923970705,1,16,1150.8133038283977,19.41491580676777,192.82345118859493,221.65813028453138,13.802034772882275,144.53960472110617,99827.07072278646,49.284071332998856,441.7024557697075,45214.83130381451,268.4802657220734,285.6757828534727,0,1,PortScan
42203.996788996046,60,24,525.5419105142465,5.307281862433979,656.7846049540851,1023.9639607597444,9.672779292823272,447.70295459209706,40245.04862551986,18777.317809160282,6077.247588297084,15847.342226087289,421.6328240041087,431.2784162619254,0,0,DDoS
500948.54786850745,28,93,1104.2140829395948,13.861642790540976,714.6201284580014,971.4498909940961,34.0735790745121,314.33830654956654,14650.643897329215,332.4039465023003,4558.090830278074,53345.40344079779,428.2150039407685,273.0272962182822,0,1,Brute Force
769046.3364587696,1,72,1287.9763855915457,37.568739795107405,480.78732354358374,386.7046045452087,15.945158465763,616.3123422701028,65123.26016387456,177.8805587313922,52.188301605278276,68299.32973827107,230.82005826230247,249.8351218645267,0,1,PortScan
441852.3107935612,87,128,838.61394149424,10.265072156609115,550.0285326168982,1438.552324299616,30.7854786716565,499.0536773971354,99063.74801575908,265.4001346759505,632.7914642153793,3222.7653029319486,870.18418269703,415.1161823670853,1,0,Web Attack
698006.2497351865,56,79,304.6371057796271,36.98589914236625,118.7338339980844,832.7630694697519,12.560317010940466,246.27540571495112,64618.90170649795,231.31381369729712,9164.487416356533,40610.33047082142,832.2078952718341,363.87785866429226,1,0,Infiltration
231207.7505196375,49,74,120.97991800697206,35.11376601900099,779.6981579537784,481.6887501588805,27.74055694299877,46.77371597052917,18944.287860587177,689.3054550233683,668.212521759176,46856.31989148325,815.3449213863016,382.97908565275867,1,0,Infiltration
53962.16719991052,510,46,1124.494843399376,6.894476635414999,64.17220373771941,698.7051577810236,34.62550349126041,154.63037262238174,1384.4676582858015,2201.3647568368115,3642.954552172751,58021.38528043046,186.68922182927835,400.9820025112853,1,0,DDoS
48752.10613347124,330,97,588.3564666086237,20.12282139822933,98.75916203081744,1036.1659757859093,14.060301760372083,210.81667123340333,27904.87434281403,3607.525117153784,9016.665174422607,16912.06126109148,711.0238503600956,286.12169798422565,1,1,DDoS
927640.9561091255,18,68,1218.9481482187248,5.409593119388902,492.48375857715905,540.401003839715,9.03913538620734,525.9960140139988,45754.53070675637,400.2054527378307,5932.591528873293,49131.850172715174,270.6479984991862,279.53064388262584,1,0,BENIGN
465925.1417347846,45,35,858.3427517538407,34.64755661062323,710.9323161832485,142.11825480240168,16.764203451468266,483.084927083459,14792.283464579306,765.4556735230972,7444.910231788016,90335.0679605424,46.44936918341669,108.34212199450133,1,1,BENIGN
89440.0414713121,90,85,870.8079993447643,1.4269766544212947,430.2767784534875,929.8996545124894,7.651726968084289,247.73048317474382,64070.69989514393,9367.082350103967,8581.556439107584,34244.752783258744,242.6613403750329,492.4329701724214,1,1,DDoS
770751.5424450352,77,54,80.12838445088158,10.947820638653955,244.70286808643925,1236.2053930265683,28.426689837713404,786.0231647723308,71180.13874115066,418.3137277007223,6992.287332842717,99945.91212796835,579.7078307475214,380.8406779901591,1,1,BENIGN
704813.815018382,79,42,1433.3927563225038,8.438771588467976,422.9860458704256,1033.6100775609434,9.898709180053498,496.35937607020827,25832.120371550136,333.52367482959414,4420.771778143542,52923.717973669234,381.5180624351145,246.5977598939646,1,0,BENIGN
47445.242329106746,68,83,889.6377165984433,31.444617912125295,168.62817405659985,198.49082234806676,29.97161442197001,271.92033120834014,95154.79397881251,714.346538813312,3274.2929119578785,28961.379351892556,438.01077356619487,39.57233413910471,1,0,BENIGN
774746.1209452298,58,81,1023.3341301092792,16.947607146419884,428.24779737248645,352.6097153828859,22.071289135764147,784.1564622111314,7437.124631475569,283.9890079244642,2437.5459526796894,24862.44558201045,327.81683174968674,409.05489237208377,1,0,BENIGN
542995.642954318,64,54,801.8681125712136,17.363055767876784,185.90138445302077,752.8002644308882,16.048593108453154,644.6281555017249,76384.07548038322,134.08528133755013,894.3053351050452,90816.31278331802,446.98637561301825,428.90046864129533,0,1,BENIGN
539472.5719247787,10,31,321.0140334893056,10.570395113986226,674.4979740533196,972.9874464181783,16.23518675348896,778.3559805824387,46539.66656024442,969.7629952617255,1973.9033598794936,90464.79632722378,50.50487511409596,272.6516011828787,0,0,BENIGN
553489.4874645042,20,84,1465.7004978389136,38.469815068183806,784.1046360062068,1197.7981022033218,39.54361916105328,718.1937712091078,41651.670439538866,784.7986306725694,9121.557772805001,71263.48129797338,361.314578829859,32.89512100821263,0,1,BENIGN
362527.01390390337,52,66,516.6956056270113,23.30489432712985,280.8660424944995,931.5033460866767,38.67408928978522,549.7582149138387,36329.67069193361,935.7593961743878,5660.696334324428,12845.95612927134,628.8383459208882,326.81822245502497,1,1,Web Attack
317484.3921030136,25,80,147.78981760306831,29.53418410833131,644.3202720637282,637.6847653151236,15.837016286945161,765.2201440575202,91676.46437552471,233.3425753268515,7810.268401020575,62273.81261933168,235.8139225963895,178.3855235432802,1,1,Web Attack
615339.6456557743,93,43,695.7439451507108,21.457215871579685,603.9903703442658,1056.37305041027,35.627143824218834,584.4115807150885,99788.68235202321,348.5709492516079,8331.647444971784,69766.50593503809,565.4536983634141,162.91779742249946,1,1,BENIGN
218626.6066744109,29,97,1254.49044797376,12.737254643092397,520.9057633096227,1476.0425562971243,35.06999452526521,161.87809152772962,54794.09447163218,348.5969289364787,4349.045127966435,33524.96109058467,442.993542942885,271.2766218883057,1,0,Infiltration
279037.5406545811,4,68,71.59341441993907,9.325892144723461,615.5522524545053,895.7213824112772,31.309428414407673,607.0743829083589,5155.078573468292,892.5221679522422,2278.048024479864,55343.710098574076,529.6589989611118,84.3141054425477,0,1,BENIGN
57736.93132783369,81,53,895.9510510621714,27.967727919255054,439.1336003500103,1258.7174139743727,1.3253384877284358,243.9675576106323,47017.870804628954,76.69595595207866,7062.007626573316,39372.40477142352,247.22767260378947,1.6894234042061362,1,0,BENIGN
790202.0632558606,43,42,372.42247385721373,24.887905851205325,49.2244683195524,753.4200897641873,25.76821927362769,737.8257476545979,38195.4481305162,765.2136839607317,5980.893429135573,92701.9411713788,342.76703350116725,159.547669936494,1,0,Brute Force
57198.816787076124,10,72,1245.7605947217855,10.587935108440263,591.5749566477799,352.8785101017124,31.29385632325565,152.14380638278004,47408.02797136909,15812.54275372488,2808.3258960425883,83713.54132191499,529.5545388658187,198.76116455360793,0,0,DDoS
217869.22091237805,75,83,510.40243794602566,0.536192570079641,680.9776512100938,1415.059052688501,26.22232789669395,215.89183915220275,25249.271981824786,466.64621414827593,8979.332485218181,14968.269638194362,1001.6099833251751,145.65140435257518,1,1,Web Attack
427551.1226071208,62,124,1211.2431256981006,21.179315295175762,560.1812768320298,949.3306859633221,6.115553825791853,682.0406738200669,19657.933630172305,932.2889158563737,2513.207201307257,73390.75851764146,384.507148582695,158.89270429343193,1,1,Web Attack
556859.4364575961,2,79,488.7641700379055,27.679700882269774,612.2409357439641,261.16388502373894,16.023574292792446,406.9412957063124,35633.17025044799,322.1803847095412,686.7334741036443,21594.481101972262,579.1369663908579,467.5220981953653,1,1,PortScan
664029.6178578618,48,14,937.9747016717047,39.16448678979209,492.5819764353339,1098.0758516979913,17.812784728950074,85.87804107144359,79780.17501402987,35.09534137985927,7009.571710589663,2301.928099232198,695.3519797982697,78.81801791649029,1,1,BENIGN
457599.65283267474,41,98,723.0088724242187,12.456630155246348,372.97298378145604,564.0129668571248,22.64819294028581,220.82236330618744,98866.78983590985,500.9198663868273,1949.6791533709513,47711.90428923157,698.4754984388665,10.903396562197798,1,0,BENIGN
169641.0385706985,65,44,468.95096207064086,33.12500767427604,525.2790351056651,1351.4582621652437,25.195348146847977,603.0214200284076,83660.94503633532,54.834161946345915,7762.7290991051095,61374.511120139185,92.82592535154686,254.28896093435753,1,0,BENIGN
546547.0637264933,1,13,307.37764249478397,24.24133810081514,200.80242227357343,936.5348777020016,28.905988094434257,588.9512902904494,81525.89166919273,853.5648729355208,78.19445454090987,34333.28303566969,562.2131154734524,249.29314369560606,0,1,PortScan
620506.6991768723,2,95,483.16972567605643,24.837843495030203,363.80280651707545,1338.5043728536157,9.393610861423412,95.53521571248694,58975.922792897894,886.062235106057,365.37429041034886,64774.65637346783,215.87359285463296,279.2359608363442,0,1,PortScan
778147.848720393,25,9,90.69538741673223,27.62460800603308,441.30575093090863,461.30676766123855,32.58617802376202,260.43854134478914,99142.36311575996,816.3885520944291,7082.725208817045,6144.142320684975,727.2758827103279,395.0276528687754,0,1,BENIGN
268704.688463981,86,70,167.72022439635498,26.233957942954966,732.5463183732678,176.1375820631832,10.540458025956196,725.7540598159951,28505.95659099735,653.9782778127084,5352.83346778201,59636.797224336166,355.9995651987124,149.99573527685556,1,1,BENIGN
746118.8528480073,2,9,979.705330654646,9.748685286701049,56.98214966238132,1220.724479452742,19.645541427833074,273.19697933398993,10282.99748737895,62.81531874229826,349.5178550733822,80475.65910604638,738.2300494937111,448.3756823065323,0,1,PortScan
305238.98509512615,98,7,352.02094328476534,10.688291070262764,217.27328458513682,791.8743093958765,12.873100326763197,157.15859771525953,45372.02384819885,873.9198480612885,5709.823020950223,87834.77723269984,188.8628606601444,83.48693683627701,0,1,BENIGN
660206.6243827922,78,91,408.29873931185375,36.44262117095482,342.854295647546,965.4537712360355,34.411490592581956,787.6058123970541,50431.55509582174,455.81212709116977,766.6390565116226,1283.7669442881315,502.68959029885707,32.732176073823005,1,0,BENIGN
615265.9762157742,19,80,225.45032388798026,11.854704273632883,472.9421312186626,998.8015172945665,18.493435186537873,651.0089282291189,11332.79712912827,84.63726804014654,452.000247487905,53587.42566654973,576.736095218188,65.26069971126486,0,0,BENIGN
987345.7657011001,55,57,434.2036224369451,14.110738634278231,702.4439455952419,490.9431934777503,21.85238285517196,574.0059926450799,99992.49020063433,435.34780236218245,4286.647837483189,84260.41205957241,652.1823645574962,365.53794086727424,0,1,BENIGN
608769.6095365902,19,92,767.6223103583422,14.684570261344394,709.9827584116807,204.5590568134071,19.476925932764413,187.7204956822639,86119.4036126374,253.54399778119182,6337.9690977170985,16564.695873384553,347.73438879783583,449.67859782468213,1,1,BENIGN
20458.99195188992,630,61,829.300651186915,23.092256727589913,497.90861654039804,974.5918664707465,10.870747906951902,345.0392891450409,3828.134491148935,15375.602016674438,8372.624022871134,19931.683980919697,193.0974131185582,21.018201095210355,0,1,DDoS
721534.2651714829,28,45,466.27176255026814,23.889758732883376,585.1543933734663,693.1579778681332,34.94376773166494,432.9396552862956,14510.901580873297,622.3291467000579,4627.687349418948,93567.82958954175,337.83937991129426,201.43286957505202,1,0,Brute Force
813105.6554174082,75,58,896.4987981706263,36.592605967649106,283.7051919293659,1237.2406205075206,0.37900525046786093,42.77149411635396,75995.19486786284,761.4714373689085,7891.882106644414,93003.38352043735,194.41319547512398,115.99249249184417,1,1,Infiltration
682261.0446498264,76,88,161.4627682032006,11.410546477661313,435.4828844951356,1284.4311703583978,28.301539584586948,512.631202705749,49653.68570514734,298.7541154157529,1201.2566640794191,40913.51269626389,61.67405537258236,105.52794463342529,0,1,BENIGN
44391.001453892706,43,8,154.03228387053275,37.726522098417576,115.5309120026537,1288.0578608065107,0.012389276600237586,710.5336322344912,2070.0012472108247,757.8362506889268,3623.291204889527,73824.29784563062,345.32635612298367,35.453961165920866,0,0,BENIGN
922128.2239176219,71,47,1142.9741011234391,22.9826761464019,76.79867241604204,631.7997927089989,7.356418604938595,312.9719267878546,38396.828263095726,474.9808601930819,6006.901522857346,57102.05547329494,69.63346757579626,375.3446092443609,1,0,BENIGN
179828.92664812473,94,15,728.5105902975796,31.168204589555337,527.1382063328246,128.4911213920077,3.826543456753666,68.81687749596134,45735.950988011355,825.870848995531,3137.700861820007,38422.176707417246,731.2026023595969,418.4517226583274,0,1,BENIGN
117129.77854017465,80,55,196.23558200245446,11.70385774495771,459.3604483204167,133.44012081848484,5.44911113273796,177.6213337540352,63235.01108903229,615.8282200002265,5512.149606457808,25057.637455347,322.05096532623634,48.34485816887152,0,0,BENIGN
979693.7772611849,73,53,1378.5620063541935,25.709676016057003,65.2293294401571,1495.273374080157,3.958092067461396,558.8077690982461,25358.336687171526,392.04191479566947,6462.8825061613725,43654.37005727763,345.6225071814862,167.22309343916237,1,0,Infiltration
798633.1546218587,95,107,331.7385436983916,32.44064441050624,159.45867842236385,347.27483702732496,14.640535673606045,709.0646288475125,13265.488196547614,122.32196943524062,4944.810133169607,27648.290003956532,708.3498534789022,225.81834234161175,1,0,Web Attack
141135.58528081517,63,16,1333.388796854747,9.387341315410008,126.22998115882449,117.98834102438549,24.331904549675873,583.6684415001562,37343.71792140023,679.7078999038905,7132.458567439666,93534.87471687657,89.30396475468152,96.1458616155399,1,0,BENIGN
792607.9013175652,54,137,162.14857867472742,10.932494346148784,266.26708452447286,858.685066182509,10.32175576146862,95.44949657384568,73103.1539551446,299.1503036342458,4529.218028462773,12775.386831880713,974.9050658698206,282.76593846202877,1,0,Infiltration
941431.5292506979,27,51,881.6313904304815,37.355737525994535,285.54744794385977,573.8375575481485,1.8191180522414774,487.79268914052835,72220.20459590045,773.5418383230789,1506.664697600572,44421.465640526905,174.41604119137588,331.0636744271244,0,0,BENIGN
230711.5821968472,83,87,477.9171549481355,39.81395185708878,288.1376801124628,1407.2263299184535,15.690485830707761,373.64759331170313,79726.58203190273,93.72896361471194,1831.3101027004586,97384.28809487172,636.7457675551918,22.15484110431515,1,1,Infiltration
873377.7530497618,78,62,278.3042454791142,33.21138425449919,286.6960815325344,651.8252620481193,27.29905516197272,308.5827485898174,62904.12567715947,885.2941821715401,7975.75895505703,38167.29127597737,388.24767236225773,142.7552243697795,1,0,Infiltration
416655.8209458737,63,33,1403.445878182927,1.4940653926325131,420.20102568287103,1287.4575220783227,23.51896993481394,250.42159289351903,39828.34540098893,680.2976021657017,8909.210824194892,4116.226710923694,94.36950463668607,162.52576180479377,1,1,BENIGN
221347.87162601834,58,32,121.09369012395304,25.03077660327836,227.73662146439304,395.73483943602395,38.279047588412425,390.94771127658146,3039.6640434188553,339.9087308782918,5849.070507099745,32863.45617752691,60.40748506594816,222.1556327333677,1,0,BENIGN
61962.51415126658,370,45,464.3727419350908,16.547450549560153,458.20071437297526,472.25260737396485,11.509860502055925,787.0915187501971,4282.0932925179,19780.930190994855,487.04189137318133,28841.25936519064,415.20504977670606,71.6491715071626,0,0,DDoS
973509.8328552122,53,84,866.35246387302,28.171656095265853,604.0885949983999,1044.539810864218,13.477127727668993,124.91314879060747,28243.475885787764,210.37419724682965,1371.4102756444745,2459.4282078443543,751.1516452843948,460.5171932726691,0,0,BENIGN
139586.52141564738,33,28,260.7270622323912,32.412125493338834,617.5078150694804,747.2611874182226,21.510831111784384,85.25354488189714,55595.184497471855,791.3623898672345,5742.537460102733,26537.983948340687,547.3366869740962,180.74421498262382,0,0,BENIGN
381236.88346508355,59,86,1330.4591234993875,0.20850073907699773,749.5485546150791,786.8120986815085,28.029275214530607,690.2746702936666,46763.65886219557,834.9905759575538,1784.42199635747,15925.161772636648,539.6782403306768,435.07150277586857,0,0,BENIGN
52553.66812862966,860,63,362.36510624554523,28.62976156001869,436.5595010243816,800.0757325323524,2.948392746889752,429.2678023373005,82292.12870084542,18936.09195735959,1075.757150842534,63120.20941780009,471.94391060666766,445.1562454740709,0,0,DDoS
960036.534328238,4,81,1099.0122729746163,21.220923654595776,203.09751636363214,324.5088600374051,3.24337365065146,644.6144100782036,32518.027583938954,856.9831384454336,6087.070506571914,67366.5991502977,392.50807455562415,228.6471396978418,1,1,Web Attack
832528.9173099399,14,45,94.6506870814824,32.796680775147536,120.5886945817295,629.3967929575365,22.850276065215116,45.81494670252568,65325.519733749315,659.736969266301,6528.737908155141,16355.15913124665,234.35656834789754,123.68790976637013,1,0,BENIGN
428818.6315527336,92,48,840.1282854435257,15.274870089380016,655.5060754293127,893.326100201135,15.62248409708127,123.29438145469653,89554.98684529412,35.56603838313239,8633.241610196881,36002.552873066714,525.8974602610684,461.09986191784265,0,0,BENIGN
764456.419083955,14,58,807.4225953152758,24.989578396258324,615.7205155409619,1267.900351125821,30.47252387503455,309.0437568177444,99672.96746566753,434.55924344993247,254.40238056174488,36268.06898903035,137.11504547612088,60.7213078641875,1,1,BENIGN
688543.3371907221,99,98,336.802750936496,3.715988579764775,88.0074754863036,430.9174316877308,22.8759587064148,773.1610228995997,87568.10976952566,875.9463320527802,1768.9096900161994,26498.070277847033,98.05892076443233,389.23416995759254,1,1,BENIGN
247950.78476671834,5,33,1482.4917425580213,11.557514022868677,149.1380714975807,744.0299313640658,28.381122543063917,505.42621015825875,95115.707390053,817.7961061832309,8691.031928989381,54171.29921331853,288.72914693190205,350.86800523028955,0,0,BENIGN
152355.45860373028,3,16,907.6102081118813,22.751427306167,128.57675620950107,872.181486526565,6.736564272205641,544.4227657431164,42995.461266886785,848.8037088803816,7784.87479048985,72440.96133114821,572.5601954940697,280.244019739051,0,1,BENIGN
46697.54853459589,840,61,593.3724053807538,37.16283659366842,229.58296288384858,502.2279019782783,38.521631309424905,655.7168388102905,1507.2325750707118,18122.33978203775,2274.2065153423728,70596.19459121469,460.33556159908375,268.405941801392,0,0,DDoS
159109.2282533499,23,51,464.2456742008069,38.95800830631043,383.1489976967518,202.93164921016927,27.432606646881787,272.6810622742598,14943.88401937808,422.881080553632,9642.580558091908,41148.94333294913,303.97366195560824,222.25448103465206,0,1,BENIGN
849689.6506727943,30,9,270.5945689813748,21.420712735476336,774.4134096922892,268.6088092212872,7.452384700098009,744.3804289855827,70598.195880593,152.0514901734765,3940.9917844749116,5636.431722028908,368.8303657774476,388.95074724351855,0,1,BENIGN
32688.745018698923,440,15,59.15034662928724,32.85249377317382,523.8574651027988,374.80901228002506,16.737358403091793,649.0968842333668,53916.14859052943,6004.597209166675,2679.1733265351477,21769.226304638072,666.0347089019691,290.9301753423312,0,0,DDoS
986863.0163599632,17,123,304.1176316885529,18.479933711757937,66.6541724036847,1195.9081070827513,35.35039995337529,561.3901710485015,26872.702953904572,123.24315844139167,3827.6204373196847,83335.22869432028,456.5236963161707,17.127286813319987,1,0,Infiltration
676701.0887903167,2,147,1076.7619021830712,2.248382314648887,520.1194943857922,1156.3884329219215,31.140571794102293,625.284855695017,22705.6344666374,975.4009377574654,9951.869385043137,7568.831557408511,1127.5489220054033,144.72459715218466,1,1,Web Attack
967757.5479407843,57,38,766.710352756309,17.121911677682988,287.77782373126854,982.479626685017,5.242229736866699,584.6634377816097,98061.15316809826,804.5782585971833,8601.567361566358,35970.07795046846,286.9138209257262,258.5241773450666,1,0,BENIGN
143870.79449889058,83,76,162.03004412051934,32.90499710714241,155.4915196674435,95.67215657355014,28.779578010376348,253.00162813256551,71478.16566315651,555.1297419477725,1096.9858283983551,93213.68602938336,575.6381592303644,367.223638899344,1,1,Web Attack
30284.33149974568,50,37,832.1524969757791,17.60875891884008,336.48604220978916,1021.9481048381497,27.620265280445437,74.89924262935992,33940.57497494285,8236.467475427095,977.9526900300393,23597.727661161854,79.24776588929504,498.1210493085103,0,0,DDoS
20347.354852113105,83,51,681.2205618966938,31.471868362583038,741.8417887419716,914.9785679639039,7.484336916690122,634.467467395304,95585.59314312,580.27326393125,6823.1544983345275,33754.094756716935,329.9610479418365,367.327248926532,0,0,BENIGN
78986.8923694499,660,5,816.7706427767495,7.062167689713621,522.5962533679019,465.8136506762605,31.66130474667568,654.163863426901,46432.36682995977,3617.85107948263,6471.281861208507,99278.77395617601,513.1690824363177,17.887345357003927,0,1,DDoS
195864.22847971882,37,96,1273.4162738725606,10.344750852419047,287.49003048191844,384.9205728640674,36.33530189485056,422.0134943129345,65648.09070379379,415.54053849093333,6313.8317931102665,38591.67911840639,298.15561267421134,317.24003658674013,0,0,BENIGN
149433.51547444146,87,58,646.1885531471875,25.147373336984195,735.0418603640164,92.8298043980707,9.746440501673796,187.22411613246587,50279.211428508985,429.75783696245554,7293.085861963683,24249.167095360935,491.8187579698165,441.92863179997966,0,0,BENIGN
773283.8259647805,66,143,382.4150730985004,7.903237774019081,44.930943673200105,1071.9927618464835,37.49868751254978,182.07086223167408,63730.6631851452,746.4851132458554,9276.866209129084,64689.55379948199,1166.1348553335777,172.3365705062739,1,1,Web Attack
383563.5309277955,86,65,946.8562979810451,16.24495230524975,279.21493457418455,1478.83334578978,18.645685422412605,609.8778555705223,17823.5004833985,13.553912216039594,4181.45056828568,66569.82684591674,425.01500909942916,445.2331288121955,1,1,BENIGN
916057.0713400227,42,71,433.685877993833,3.906443072403216,642.9154276440239,1244.633532764851,1.3319113426068796,312.5706547851588,75012.65781433617,946.3872093033051,3784.404655610601,87206.62260363557,339.22750896446826,89.74731362132404,0,0,BENIGN
378537.2032222988,97,62,340.8625685341093,15.289228320700188,59.117138665566,1154.7680132334242,36.605649450199465,220.74369193013382,42956.61155295243,122.20041010385738,4573.785948825779,13342.9129397731,437.7448557585556,367.31102021611656,1,1,BENIGN
353860.60587035824,74,91,901.0429099724147,5.470991524853339,682.1615999102381,733.7758118806426,6.494768981055721,133.34817235679424,96558.6222870485,281.60695766242867,9086.849943284595,41064.4240239062,333.3002871444246,350.464484824716,1,0,BENIGN
302715.44762058975,47,31,812.5203669703435,14.582806288970076,242.22027582778574,902.1443208635185,6.066925621734587,227.115624066674,29431.8552899685,607.9481567121803,3738.8170405745896,50583.27217900375,534.3330804626058,478.13580040384363,1,1,BENIGN
748300.546859817,6,89,397.84149959180877,28.588888072377053,436.25999955983065,1037.583851216689,10.777539629923666,495.0297392031151,44448.97160534094,597.0005908168434,2915.8885251197516,71547.9418552759,652.5063182811938,129.95823692886182,1,0,BENIGN
69561.56157861138,600,86,361.2145679704789,12.409474073306818,93.89423961685145,769.8656167758792,34.95694717543643,288.4034898193439,12915.382484238218,1370.7882060712016,4480.527722511309,16410.53424543004,303.03906195267865,409.98990404121844,0,1,DDoS
50220.98398172326,690,15,268.0008401218504,36.81764145934475,529.1609261380269,435.5924481069566,4.930148325522361,153.79142875110463,78288.0263969212,11763.024846152533,3813.7753242746517,33296.75561022613,690.3760833444029,437.3812618907305,1,1,DDoS
816466.3972723639,46,28,624.4747676585711,3.30954739003428,624.0600815957112,286.30350225275583,0.6550762591391335,680.910033155033,57867.55914913819,891.6768689322048,4851.034951144205,92648.84526013318,309.0185284639365,362.26100116714645,1,0,BENIGN
379806.56009550183,91,14,785.1480936781387,39.47507387766882,269.7095401340301,85.06747351199309,6.62652669905651,340.2949124286712,31701.757527936366,97.14442557027932,4332.2744758302615,33818.196008239676,133.1906075476532,148.05856530595446,0,1,BENIGN
713984.0276997274,20,46,131.76199025643922,36.22166644603452,454.0600744634977,1389.7617634542262,22.89418048110498,92.92360014104605,55331.65241322455,575.7813585994313,2151.2553946363264,47108.19811959663,389.175549023975,311.4380745103018,0,0,BENIGN
241027.94743267912,65,13,299.4485133473485,31.484914517577675,675.2470040967653,835.9786104718329,22.17820911466557,520.2690517670978,43967.665850835685,680.2311035715556,1093.7277630884928,96128.31144431497,610.1176660841405,315.58710200450344,1,0,BENIGN
409402.0295325617,30,44,1461.620836396933,18.887868110324856,339.13288040793464,616.625121968804,16.96603520233066,224.05734581129227,32800.629212408,985.3590740137618,3687.998322558381,52677.23439721416,684.703642141166,263.71390555443173,1,0,BENIGN
114174.90180805355,91,57,1053.3969970567766,36.698426290389826,591.5153814512739,148.9353313597415,16.11582444124023,41.94072708372844,51169.553658230725,193.28516443336318,8682.78502079928,10442.46193637955,41.089382971743106,225.5730215568802,0,1,BENIGN
919942.7383082168,1,3,617.5498833975012,39.87259904283799,596.8306972005081,1431.6539598104785,6.563331408646222,208.2401052138847,15565.642935622911,302.4387968725607,724.6596842607229,16503.016609211238,438.41786879129927,134.60495955719904,1,1,PortScan
81789.22761841136,650,98,1279.0562664033162,6.516644190611629,245.87340182004482,103.28460509389564,14.577072453410045,328.7312540663314,80546.53266100437,13063.30714445254,4372.85835597511,65214.87672258858,80.11534639192529,90.13576800918804,0,0,DDoS
77415.72452415565,230,63,339.1729515687472,9.316522170124465,355.43457540496416,353.6751769889306,25.236417234469783,200.55359541604216,18868.866240220483,9425.797382021798,8887.79930724495,46835.865682989635,354.52504587484697,289.0474537298544,0,1,DDoS
213913.87214156386,92,96,111.94909411370759,38.017689363604134,481.67241537967794,1229.5622747666562,16.924727901909215,726.5191473503012,48383.49033307011,573.9879276684494,4923.021860825942,73330.49680380648,470.6586189775674,135.79946179019885,0,1,BENIGN
48923.10435508816,990,61,617.6015000581718,20.591056880018144,668.4388577074484,151.10754151670903,13.939813929840117,665.2186532598929,64877.55078398072,5800.586519432128,8454.897869006198,49334.42512046361,418.74743739595,488.2936696001922,1,1,DDoS
140665.070750216,16,81,84.50556005462653,0.8307154684156481,340.59682355107856,1413.8889411379619,34.85429364928831,428.6965537773935,56566.115478965985,6.032903396381871,2162.8565467793173,2487.1649521690306,613.4500448484945,72.82289801324887,1,0,BENIGN
22949.573464806177,960,34,956.3320633476576,36.03347921129294,585.9537663749301,548.8781113409314,23.495343810745887,276.1788884830403,99915.04172118801,14977.2860908601,6147.672581169969,42331.681685155265,509.79574059726355,170.80803123366738,1,1,DDoS
930487.771497909,43,64,162.57532648351633,35.399744535801034,244.34488549955128,395.9034599007821,11.883638751212832,478.6736994557277,54514.34053405427,491.46461324741944,7178.193266491144,31660.60775618255,634.3690363950476,87.66083918929957,1,0,BENIGN
68323.99887166318,660,95,1013.8222377140625,3.1918818623782963,687.1788489575191,121.09896089196317,5.949660394859899,478.3601784578996,73967.20440012348,1526.8787837963764,9208.440493081975,97361.02880358185,500.52213148586037,240.62172768841828,0,0,DDoS
493315.1076616959,36,30,1435.256920852639,37.0827646420474,239.4605308925185,379.40479871647455,11.90658023717257,375.3964454152298,31485.32453791716,374.27537445948406,6210.163151686388,76254.94245262665,599.0242306836169,407.211783539576,1,1,BENIGN
789404.0223925605,22,9,884.0853836926957,2.1034744085750834,234.03848889016587,971.9972851327975,34.36727560442704,736.907381857866,50091.90763392466,545.5196853149238,8332.16581437922,53767.08382872799,432.8124794083612,452.54201888047686,0,1,BENIGN
218325.2300756757,75,100,1270.0093077463025,4.445913098684358,643.943237263411,307.1411397857094,32.32475019941285,505.1207125432198,19404.27554933823,473.40684391486786,6822.2326129431085,63388.951559345405,547.061803704143,449.6832644604635,1,0,Infiltration
62344.364882460126,56,69,811.3832524173691,32.142704056012406,203.74449048628892,809.965003357428,9.627396368933635,617.368198327933,56477.682670527756,855.990262809104,8946.634448745055,64876.86090971535,591.2973470807977,274.6100499434319,0,0,BENIGN
90829.77946249802,520,3,675.6805401089355,2.9424411591086486,418.81579873059576,761.6988021530871,23.537753105620926,315.74322315821195,61349.44883596341,17564.56977286351,9555.155195046691,58365.385491943554,72.36912501743795,484.61799863355446,1,1,DDoS
147242.985193627,10,39,152.07943623167185,12.409514457629376,425.074654601394,893.6037506307716,2.666622051032932,535.1089811442134,48938.68849927411,536.9543171134434,8329.63877094027,34229.222266033605,172.27884463742637,275.9050878534771,1,0,BENIGN
831928.9829020945,93,12,893.970790396854,0.4875020404697006,292.3771840578154,130.87584019182015,20.87491891059588,661.2602143852845,20723.62494369399,527.4883014532227,2048.046278742563,12077.639899945581,428.35756187010026,39.574310474863815,1,1,BENIGN
106804.3003711887,4,90,903.4548228324143,1.1594772037503231,475.76635888118443,1264.21368697251,28.892647091758157,139.70067897980695,59288.21729160513,672.285274824206,381.93970550539484,85536.21339167542,728.7632219402709,425.2261366811293,0,1,BENIGN
633468.6880788319,2,13,1217.3371282690753,26.499938334452185,289.0724870783739,588.9032091555767,35.882298734891684,53.012785205843045,69912.17606630377,954.7820746699729,706.5219417880157,99391.25970329589,562.5341282015314,17.181514608430536,0,1,PortScan
386725.89034632366,37,64,1471.5794520814145,15.711994284019305,713.6764547328451,784.0954477131422,28.680601506557657,74.48228092810561,55775.46600120394,70.25492001736932,2693.493391367055,56685.76444360918,653.4444624804772,280.4468219019553,0,1,BENIGN
312649.0441809842,29,16,1015.9887238678971,37.536241264371604,790.6640602459498,1154.2521994256986,22.950772223174557,615.0233642008739,27396.318304448378,283.6746669569068,6546.949968161609,87184.83928422704,777.0552117740287,170.66730041560913,0,1,Brute Force
34765.712304153996,200,8,140.41976023858206,14.482234006899656,750.8905181569176,1299.380292358391,11.421717514781339,159.36475191534544,44963.88692114085,7117.895912595883,6825.441503292851,96643.81666033113,315.8811019867467,31.112086326121002,0,1,DDoS
952770.6205636177,24,32,1414.8662443252458,7.9863874659591305,70.9318443928938,752.7865682836781,18.024936582805008,291.9341276737109,95769.88179143087,822.601473788216,6619.204393542177,16294.200580866394,598.0857902460788,363.506227349862,1,1,BENIGN
167061.18444078753,3,109,132.30753530592511,31.8180383271035,512.537133432502,499.8128462946243,6.552546543772615,70.51230522184268,16757.882305731066,453.3393178730244,2479.2979204159556,25905.627921422354,1058.1570580011944,257.5688367305503,1,1,Web Attack
365226.8393424609,44,89,1160.1352916321132,24.705522021741796,663.2487308529618,916.9897675145995,38.51346532971225,516.4681915066917,78481.95212191237,877.594014356114,7148.688877392496,52428.4232897504,247.34097986019944,427.24630669783465,0,0,BENIGN
7931.861522713173,50,30,1059.3101602689737,23.3628763973508,380.9016905947358,366.20388245451704,12.386808003606383,572.4745122033488,22496.65081405595,12435.288852947018,5901.47874943647,97042.0437638925,86.19420028834912,54.061303648030744,1,1,DDoS
40023.66603929072,73,77,762.2963072302277,13.86574986562115,282.32886566730565,1297.6544850691046,7.869314657127213,161.91745612878304,21396.53506940599,625.0600453971985,8111.199247727807,33104.559591880075,171.8311185672578,104.59708381431027,0,0,BENIGN
877292.5033282316,52,21,169.03223910291973,33.825724815452816,534.9344349459024,1438.3071643511855,13.451861650790304,201.63537728737157,56241.32640744354,537.8744962988359,5914.329642071264,34759.91092740828,44.481674427957934,17.515826470308415,1,0,BENIGN
821029.1585253084,10,52,1230.5894663575157,17.01965653806173,113.4907730152163,1467.7508813824136,20.477437165820795,518.4036706113832,67112.63893030783,362.476011001658,7477.807915422752,87027.9438704482,334.26210207453266,328.5004433157741,0,1,BENIGN
332662.82478752785,97,8,919.224357802377,32.037507832834244,504.23737900454955,302.4843932264842,21.854739641045494,674.5499528800714,30342.20712821409,832.6682371024151,7848.38660486218,2183.86337558912,221.9856587049815,271.4712028988629,1,0,BENIGN
641078.2140360675,69,121,309.5557218364804,30.401434218497258,197.1539850863313,1055.3285613436447,7.248464694848296,109.20092623519298,25184.912348282796,285.00131254456176,6475.619253604151,16096.727940528472,1120.5498808050525,277.1808431711367,1,1,Infiltration
566644.6868154961,13,89,1485.5261068854604,22.30097504777064,66.74820162653512,901.3673028614157,17.48315033158715,58.26864946647074,92450.43234053155,10.665815386605967,5782.9380520094355,96179.45685514613,220.57941770709976,127.08953712179833,0,1,BENIGN
44983.922735930406,62,57,1261.6368521195818,29.068003367380907,308.08620951299,1239.0314968377097,21.59098080971528,271.27581012474167,43783.9492345276,65.8611930575922,9449.637780631638,61915.45057101049,595.7379501472353,338.2916852099383,1,0,BENIGN
525418.7426568682,77,3,1436.001898476875,16.966387320239566,260.3205739590421,816.4591879972365,32.04856751372145,400.81384694416454,64546.05709098055,499.96439642807326,6316.40984384518,13811.71121051169,69.38417349535595,68.45070284869637,1,0,BENIGN
615213.8321256809,94,99,96.66549229919664,1.394636252681023,108.84688161170598,555.4984898052643,0.247318038549178,415.4303217269067,36130.899464499336,555.4857583105822,7211.0440285471805,25104.77181983064,159.38357219797138,139.02677798169378,0,0,BENIGN
750855.2806499657,29,6,1491.6774653538964,6.713260854592367,639.466503829775,1069.3649288652805,12.885285712652305,291.3617491101336,56398.80293861374,852.3888600728102,3868.0075717534496,6127.37629303147,324.55857444574553,103.6563366213707,0,0,BENIGN
5092.758094692731,610,21,1092.6576932655596,27.993147643296833,768.5010460416413,910.8259152086337,25.452106872762226,685.4442503330177,67022.09769905484,14659.186575106416,2349.345175104458,37132.97974226594,151.94902274103868,252.88272116740274,0,1,DDoS
611247.531950261,39,141,527.6614193061752,33.261813253711864,507.46457453063937,1057.6088041337202,11.777231117978175,456.9651776886386,63440.293644019504,589.1357663489994,9152.78517713142,89828.28372261043,1166.9218259796326,333.71400300349467,1,0,Web Attack
541810.1142518505,25,10,388.0529655959543,0.1678864332226082,182.91705239165054,45.92845597883847,28.7935384540196,363.40606626811166,31326.21523507804,761.7447190060784,8326.542878450255,97530.2008696015,527.9303243531833,230.76447927002584,1,0,Brute Force
306084.63969043235,57,100,41.24639825860877,7.888235889240032,183.1786666267161,1086.9944488771469,14.099389103922473,387.51821148978365,14947.550633943507,405.05653917306006,1040.966120939302,53308.99835597943,171.64973653645578,395.25419058657815,1,0,Web Attack
418574.5350140186,2,76,183.38497801134085,20.954224281712904,431.0216452913899,723.4289848964238,29.62073458729797,672.7033440245895,75103.88852735596,143.95135623256314,622.437449772826,8041.507337896443,567.9129384547622,190.91954828056333,1,1,PortScan
238935.99364526186,55,28,391.1853242253734,7.78224644757088,679.3319306764653,288.68418618000953,22.474187355175946,98.76338595086239,94957.18548024216,603.3535730554772,9032.493586910909,39793.79916975476,656.1107631394326,426.82723972465556,0,0,BENIGN
16178.478397265379,13,86,630.1842035256399,31.045198904575948,764.604507384618,155.26256866146812,21.421467111887793,277.51692620647293,22616.850042251295,505.86010245136305,6064.832512159802,987.1254196339299,632.9569948729052,409.9410656297238,1,0,BENIGN
594593.1071047119,14,64,528.848663270812,22.625338057500187,634.6111508498982,73.65706383000676,38.77600450264747,655.5100051363402,75140.25499419328,760.4113434422854,3896.716489090339,75164.53887897292,333.9453585382478,449.35341478739656,0,0,BENIGN
551382.4089448062,91,16,758.9371265219482,34.25413395254034,437.62611274260655,569.1913789772583,9.909446561404632,350.5937438820699,51622.03683099555,746.140245717516,1219.2772739616632,22168.702732032696,328.5370520601916,180.1992025597573,1,1,BENIGN
324221.98752187693,1,27,672.7759973628869,19.839098667709642,790.137542305921,475.5963007532097,24.610766413743505,222.02588547063166,46713.965966025586,200.12922822306027,558.634043064458,26508.528530501917,67.9595767063114,407.63554573641,1,1,PortScan
547423.0157243963,15,90,171.19256028006836,33.17701616745328,85.35045831869746,287.32272342360665,31.833306358017662,40.87092247747478,28312.192451701845,584.0802539608392,5958.544815378273,77717.51929386506,424.50395341404953,254.70093476548516,1,0,BENIGN
608530.2374549605,54,67,251.7631766370133,0.5846753727045595,514.8328765198883,210.69381537636343,30.81646546845093,698.1341246606236,94479.20534936425,664.510515210101,4825.328779994118,35234.58525977285,413.10307142961136,95.17611418015676,0,1,BENIGN
217501.22883709974,2,6,1134.0192533334591,7.113437433088832,226.87456571976708,65.61944172106952,28.80206398140427,509.60670983048976,69469.10670590297,214.4063291771178,687.6890143371436,59641.69800314873,318.2534642087225,218.91290581720236,0,1,PortScan
781065.0167648604,58,37,697.4080449822295,18.44081976055993,396.73035844277246,1326.9490671805831,32.745097645464625,518.4731704896079,71677.04486667665,42.89835580449983,7442.47727660289,48621.607198480335,281.48814905657696,69.88848296907146,0,1,BENIGN
161879.99527275175,34,37,357.49210166168666,8.152779748660453,286.668856034162,50.40982952266885,27.267938803313385,244.18751631714898,81536.804906046,359.23673329424435,4804.7653696984935,96569.23476687132,224.0508135159306,360.6270487148698,1,1,BENIGN
501046.7369285344,71,81,358.5354653658393,31.919063173527434,184.31030953165947,1093.1951830038959,13.322987185007893,483.17119611564635,3962.3152507416694,495.29490991082207,1495.3920680736117,48637.15952263016,147.43293947347377,218.54456006968542,1,1,BENIGN
595119.4276103043,87,98,1154.5900087621808,30.98893716882405,550.5472720352947,466.18803613390173,19.58760168643526,123.93012219462452,47211.547939269345,243.8994702151448,3497.47889507588,16268.414836285823,214.84131948764173,38.28432091005812,1,0,BENIGN
396802.29706561344,61,32,957.3081135830669,36.875151734773965,175.80664373759814,471.5066480074177,39.03157345376459,322.10666985287855,2353.9089106570304,147.72872828789508,273.12363046803466,98992.41501064863,251.94184523332953,461.771378468113,1,0,BENIGN
33292.9954340552,92,20,1217.1193783954616,30.006652655058296,607.8644920403087,1437.5639927666798,19.464683692079696,552.3677108230576,82405.34862621783,479.5884913985221,4819.497716091939,31872.28885919446,633.4275417486219,343.0978898427783,0,1,BENIGN
72682.38420480174,55,61,812.1851911364913,16.699714094063978,644.9879375253408,832.2749222083974,37.46824173528902,189.0670071343589,99016.01900446547,297.9894023926751,6427.815495997326,50190.35282452896,313.27806494942956,69.65459163272331,1,1,BENIGN
377703.61883801373,1,19,1475.9446337520258,8.216930263810509,118.1389335356007,496.3518109435174,35.42339157714356,436.6074778164164,13651.445583127084,202.5787996991346,311.94940148741375,59020.77211389265,292.6079943069917,373.52704104466363,0,1,PortScan
148769.52391746105,1,73,480.25425940174347,18.16304577249367,439.86849736375126,1281.739642392165,37.26429980590644,746.5361871208225,894.6227097262099,921.8962967368986,55.33257903557076,26584.707945175363,431.39076959315304,239.96284450219702,1,1,PortScan
819811.1648561417,17,58,1384.277386111862,3.069580549810249,503.2662246476555,1035.3344900157917,20.221668937189577,567.6162279055843,17358.1891365955,852.6469695482627,1408.856637804157,40087.23630713181,97.19577699423641,272.60553940870005,1,0,BENIGN
739362.2622764113,13,149,1401.6208450686872,19.137473521635062,466.51629635514075,910.3038503983398,16.399189035462673,677.2468448300264,18599.076290621408,554.8867061525708,7225.1102293100685,90398.57742593896,1067.6669719350773,254.37014471507098,1,0,Web Attack
468230.94510391227,62,84,1347.3045247778487,5.534834472545529,686.0638562112836,1424.6110472913613,14.449987782944188,434.17117996046863,77931.61605571829,562.1219297518921,9934.900381845431,45576.779382031265,582.5964605176069,396.2955700982721,0,0,BENIGN
546199.9757480758,71,98,197.42256382384267,15.736543054016966,597.791705597296,1385.0781610529566,10.067176154412412,309.97899317118197,15480.703311032179,690.7538219395459,9602.282415799153,64098.81246261907,763.467244207098,276.744965250217,1,0,Infiltration
602089.3385949959,2,60,1352.2641958200354,31.358431482440714,633.4955916374398,1393.6883025638476,39.597398058519985,481.7748762904053,10977.273441513458,459.18399478465886,787.8135453151828,2782.2552229373005,83.23445315067329,33.57889119141066,1,1,PortScan
843222.0708862429,16,85,1109.8675196520157,24.605287392534034,699.5222656113102,278.40585571643624,37.26400505376179,759.8743934000319,87212.03816231362,250.73696850799593,8583.202079243185,49768.8448016508,492.1469804246272,420.30031125207256,1,1,BENIGN
815711.8079067413,36,58,517.7957656015099,26.327896328534667,134.3617417763362,780.2895822096101,0.7492116824167949,337.6174295003822,7576.797864993368,475.1996654388668,4222.599652060414,44444.05881353922,74.45178955647549,180.8081706409162,0,0,BENIGN
715200.4354143197,67,22,385.730584288258,8.842550203407384,502.75349917064557,1234.249743581221,9.984813513743035,748.5196149447097,92745.99693248674,200.61661824074253,2645.2062764475886,70062.87510670666,763.3171628585637,354.94134438815735,1,0,BENIGN
461063.7478547372,93,96,523.1898016767095,20.410312848003592,138.9627375298165,700.1946325883762,3.63103275718216,77.30744996123286,85738.26756837279,205.1610759876603,5755.801737988054,14906.786013415141,239.52095389106142,180.6697098847422,1,1,BENIGN
877172.0860378093,27,48,129.528634939199,32.2028864331241,254.32633594752258,1095.317639627458,5.84902996871655,220.33412893350672,57320.374008039646,988.6369749054346,743.7102568906395,40061.4542522034,72.74153720450286,99.61322132798745,0,1,BENIGN
856870.235783496,82,79,1298.2058759450476,21.52087852542701,707.4370724124011,261.48732119121985,30.48146205231304,557.3309330212383,54339.045400556955,810.6062856765319,6486.277484026126,87705.92199152888,329.6072315570302,294.9615891369075,0,0,BENIGN
485792.78248119255,3,58,731.4586301822393,10.11317780782161,306.81794144486105,1332.222814285232,38.19532155070201,762.0818084414658,69924.34495766026,509.65092863573,1835.062459724345,12330.86899692575,85.42262180742313,8.857454754484628,1,0,BENIGN
1135729.1967248416,26,59,996.4590972434713,18.58298268161014,155.6497442459785,792.7669556713545,6.309746915421091,342.82299122710367,94270.54603243181,342.04479143670386,1536.3448636982364,58243.836457579106,497.7967723368788,96.90212123395791,1,0,Brute Force
864982.0625745372,1,78,675.0842888125829,11.798496646550095,628.1076056381714,1325.7648825246702,10.445098462363212,112.27346870532662,13778.263333272425,792.8242544127675,436.39108440830614,13200.146694488185,298.61903687891464,257.1177414265265,1,1,PortScan
614472.2114696117,1,53,914.4912890328582,7.215190755002854,404.5064531647034,1000.8151389719151,17.308257969948148,556.3799752206144,45174.00892732858,333.666220884193,3043.0144204000526,41096.096878268916,57.54811323847263,334.26256922305686,1,0,BENIGN
46128.532828104384,71,46,424.99945295855775,5.06484486763092,321.01190605950126,1118.2932793249927,11.756663875622628,476.77443497881075,41614.4434442705,117.85221587739082,3309.5672547961813,72489.80186634952,505.1229619718987,59.889189941780494,1,1,BENIGN
81343.40727794368,120,36,909.1536976914373,6.825743550084211,276.64601604804614,69.5945002826568,30.731037911980902,344.76746302745477,81630.94480802999,14168.04317446248,8289.155214627484,28573.01037159245,180.6826351251624,485.95284132583527,0,1,DDoS
26464.120745125467,40,37,1124.5123682429044,3.119313319599333,471.17834647239107,666.4462404843047,0.7046602856442918,219.34143861078306,28550.71970776475,111.94876035168782,6319.053728329178,24247.363646426384,250.99081971073517,449.1192991000737,0,1,Brute Force
127689.54808430989,19,75,284.1613237144701,23.44023812138478,737.3312220134433,412.46262526299995,22.121474138342457,173.58710763607016,63150.575931159074,123.33401154589379,4918.194567451852,65521.62954954998,720.2058251012817,70.00024135037125,1,0,Web Attack
80892.84051601672,960,49,134.01370184070512,10.76745760686749,501.2785137570349,219.708265968775,18.86378689107175,516.776203923243,84888.82556005807,4598.932084862682,8175.289770594067,23498.277050512545,554.3425713421268,215.33678574122754,0,0,DDoS
217840.8422871629,2,34,573.7369626298827,15.047271619438071,604.8914767770675,706.181353885921,1.1444057439694078,739.1063130331831,43131.9591623797,203.57475103025723,556.1084090756373,21898.42719750574,196.57671975802197,272.86566369531636,0,1,PortScan
341478.1114021856,93,106,408.824412478591,18.86145550312979,308.9850341972308,559.4106438916818,33.69128394992863,607.2783942003774,99215.9283794818,613.5533312492408,4637.9334779010815,9016.485556059644,1196.0800182457967,275.76532646614146,1,0,Web Attack
547760.9366084179,47,23,282.97237938014,11.694903373210185,155.56539311130456,1196.635219554971,2.4818104168731825,102.04005388701711,29919.561867458135,514.2367621029192,4068.6852575902694,4491.182903974019,767.6935839819232,476.43476017904186,1,1,BENIGN
578617.5538420854,2,73,70.65134344312267,6.2374655661693,633.8978989521734,1152.7631750625887,31.589211667019995,740.3711168295482,11995.192973378464,163.22356224026015,334.2200609867131,91514.96848610115,629.3630846845182,162.06063616615984,0,1,PortScan
94129.58213992376,330,47,1032.374598747479,4.196175453972453,702.8039106827007,794.3243238708328,15.405629452463181,83.3250119337662,38140.29508575176,18064.326944979955,219.62013290016876,47470.069296602676,747.6801492440729,197.42049988251054,1,1,DDoS
462991.03984382574,86,71,471.8269760185853,9.67257676148611,67.07337797311499,442.37006476514756,27.74105708903953,363.78748368206686,51735.34813001085,917.3038670552239,1155.7509288864514,7133.359117107475,687.4673693341596,387.42789871535325,0,0,BENIGN
310346.8079920827,50,87,129.36880020390987,19.576063410549075,141.74345652568633,1236.8182697523214,15.22652017239861,440.95486684678906,3028.8291170007187,58.358487109698224,6753.797759027326,76679.3868086818,579.627044297673,368.5093182289301,0,1,BENIGN
18182.940793082475,110,38,1145.454812464068,35.57624468406259,584.6995296279206,1216.13724110954,39.643526204864635,142.41449266908023,96518.73998806055,12024.753714191069,8134.399041876754,65020.41646695112,473.22871947686536,351.8094970108439,0,0,DDoS
115381.04279857312,67,137,85.49703567273484,10.852921905843669,205.84193862746733,112.46105659080156,19.670962553944882,396.1633918102635,7866.769845477022,261.92434635527337,9533.688383058898,11082.555084796928,407.72125969979373,17.931199227329277,1,1,Web Attack
36677.98290128726,800,23,269.18845689075795,27.285606915652068,611.1564145493528,304.42359229444,1.7997385447976866,101.51526207485406,65738.87114458147,2711.941028691789,4944.249153346667,15272.626677307744,169.31251663598223,2.1802516707593034,0,1,DDoS
394021.8792128912,16,99,66.75620607599001,21.810137850478814,593.1475085721974,947.9098848074807,30.421288084177455,591.5258051752069,69233.86644579603,821.5577069395596,6460.449777810888,40247.825240755636,398.6509235350866,358.3623913407253,0,0,BENIGN
342142.5882914737,41,74,621.6689857936221,19.784452516941762,518.3929517342093,777.1221165526077,21.468745096248725,58.29094915178008,25436.654896485532,310.7655882733781,9871.014493435676,29563.818171318497,721.3999251064569,152.36810027053937,1,1,BENIGN
272901.1020758065,11,55,1334.923537375437,18.120960544048256,626.4469602684293,1270.8434175406871,28.435025103341694,425.91073741286914,62624.024350575266,700.5369449793125,2538.3131881820545,80959.83029888933,762.2466496151277,232.619657589968,1,1,BENIGN
662281.3227667281,1,88,1327.2060136792236,17.957068370755778,86.43824692981872,1273.052308539754,26.959250892662027,685.4365561397314,13940.889500224961,30.84986521566536,934.4401658421189,14781.353301998923,655.3357723735434,411.6049710903179,0,1,PortScan
58970.71535511066,2,93,853.6252424399153,27.376096082585548,144.62940083836492,397.4442349549928,7.72440846836056,207.19783602961206,92079.2410445198,715.8479910814502,737.3698734229001,79401.59113381956,310.99551240948557,383.59230719957026,0,1,PortScan
868846.5893543373,14,123,133.03605696552867,33.838478107838235,501.6835798223698,595.4488995783033,2.2605849755224927,555.0320688237155,32887.354878707985,467.8294873595362,6820.467086180792,91178.33695694404,1000.9980837896983,225.29856455179993,1,0,Web Attack
372489.50850085064,64,37,1457.8140422125416,22.956697758383157,137.1324405243618,555.0967735282225,21.88156574482624,444.9930838470609,3646.7865349913723,950.8459501256884,2761.0030579346967,1628.3050464998,98.09744680221468,290.0974516239885,0,1,BENIGN
379688.50376607006,20,5,203.28611506875407,12.533113286052622,357.49811043465206,272.81174276868006,20.242955938668405,104.76270604534588,4747.197784872359,519.8833836184193,2486.490757781248,9546.427051723771,362.17356649060054,457.5703697586974,1,0,BENIGN
1743853.5947195212,26,85,1154.3399973306925,24.336316877579186,317.7236690297079,305.19912537426546,27.466394959331772,796.1619894526758,46789.13259343001,723.7070001559983,4955.97357543163,43199.02300211403,351.8322663055355,252.3123414658488,0,1,Brute Force
63162.64836860451,30,38,178.66716175276633,13.407737406881948,126.95971691857724,1257.974082118695,19.85188366561127,512.1589345034174,54037.09548692712,710.282558482332,3198.1311107374354,13757.96051945793,53.39120207458262,222.84644431296908,0,0,BENIGN
196037.2254535095,53,17,1082.281545219045,0.5248850224653401,279.996891414308,1178.5701682882025,26.834308133227815,596.1223799250599,81199.89586697555,783.2573953060745,6825.009829866253,43971.75662173535,787.534729947397,284.53659779503687,1,0,BENIGN
693593.0997248729,36,6,160.22588378884805,35.261241921680245,735.6112639737541,443.5138441612132,15.091428974849595,541.7428780983723,33060.00908216323,877.170992399226,1084.7112401114885,3807.8422738099193,198.44951712452,143.0438891024845,1,0,BENIGN
755632.152730448,28,39,226.06686113237961,18.573306104721368,164.94347193319794,1106.7688877200426,38.94593464574492,396.8785568035291,63273.596358269824,431.0324272143656,1393.1539980334835,97055.82309468511,138.47978470390058,55.81340425677034,0,1,BENIGN
35498.777864579395,410,35,1235.6865173201154,14.524132824382047,187.68393977176947,573.0239211600303,8.58216830571164,434.7802807373788,66862.10967515614,15991.548429229322,2283.34468289546,16703.731030387506,54.89859988036732,114.04388417362132,0,1,DDoS
145778.51952115362,51,28,600.2410688572587,3.743413642830382,343.89851190781155,345.6482493130634,27.20709405360422,316.97154602576234,14788.297920593093,349.6667722310462,2251.5395559625526,79579.94237382222,787.3593458773584,12.74569451488372,0,1,BENIGN
66502.00300490753,4,65,1326.2741170501438,14.14426008311198,795.8533579888591,685.87066474011,7.5039100708549755,630.6291120771349,92656.57241509313,815.6394686724134,7454.5403479350025,33476.62245497166,89.01267656023245,100.6496742800449,0,0,BENIGN
722881.8942573866,11,52,1253.338023710114,3.9556335992926783,149.9970293369349,487.4282877716579,30.634639477552327,272.3767055983311,40901.02887911939,301.67340594053485,811.4406750922893,93943.96795338977,685.3344509611552,393.91659409274837,1,1,Web Attack
89769.28883371418,8,66,266.8407196677749,16.575326774251064,518.1259890451271,1182.0543406893003,27.401807028344784,550.3654820815179,14989.31669660323,346.1939272175807,438.6936038753396,71950.49454871469,763.9653458012385,132.0551950895379,0,1,BENIGN
856712.5533052561,67,77,1238.4144139471462,23.085218020871253,209.16447624572737,98.56154475975572,22.13592781147012,140.92550339283395,34339.12933363935,510.24123968771465,9038.288031505062,8191.51447560081,548.1417701227913,7.040642752439263,1,0,BENIGN
811885.4334280587,52,91,1310.6782868088503,16.787796939983885,537.4781507723453,775.943665630743,29.094140683038383,404.2242050298912,28809.253534031282,363.44703265939677,8592.186167558923,46808.78894534348,202.22149250590306,467.3026940386266,1,0,BENIGN
998943.0676843198,76,90,1204.3712570239961,13.557028678788384,234.64136594994662,364.77140492940293,7.996165828993571,600.2142953381815,88762.17517958608,230.72540933787067,861.5505749835779,31383.559959080958,539.9639015802326,184.26004611301943,0,0,BENIGN
408537.683301933,2,63,475.00591994383365,39.12993407490468,194.3025455771666,201.9603451658631,30.033225003774717,573.7553390549106,81135.81778952219,343.6560626911316,930.8768461991308,11956.948023024153,63.010597011655875,150.28194255598575,0,1,PortScan
267721.3975506125,26,83,1167.450505143092,37.0618216574251,87.97892184658433,956.525332801931,5.785133524937898,422.9618707023628,15659.11849215908,128.16570113398078,131.56177036651118,63027.57885016661,312.8571886844654,52.59414243948585,1,0,BENIGN
941700.6620185092,25,95,527.5721440025093,33.59432013598342,532.2943785773632,1076.850546808382,25.440072159558422,759.1091758009097,20779.38307264871,989.0403378316201,8311.252213789567,58901.36916174545,543.4024345411492,324.41293825030704,1,1,BENIGN
961474.7374362967,53,90,1152.5761565480495,20.98075770623238,50.00370628824217,1114.906891204072,29.288702402114453,165.51302120358054,95670.3428335789,223.9857407279602,4582.9161801481705,11482.448766478858,498.4945627824472,187.72556002860625,1,1,BENIGN
19321.51335838639,36,92,874.3149059921949,39.443940539207965,487.97684765922924,120.85353585601857,2.025813057749053,711.1962696425923,84137.2931365542,345.95548657446506,6184.144516969561,48964.23979198947,775.0446819033997,474.98045043844576,1,1,Brute Force
217357.0508892597,12,82,1445.6683028889825,22.850473137704775,104.72704670002283,912.2023811332433,27.46323712085151,207.4439818214455,39471.927012921566,598.5435637102748,3747.3163157918902,37501.02224669401,211.71876865698906,470.373361538833,1,0,Infiltration
765636.722693763,80,63,163.74275763222295,18.589612380489896,680.6074645464826,434.49895442403226,30.594479487497498,179.40483586546682,67406.11925631607,915.5458461904566,3246.04153484204,90042.15969248094,424.1199041600598,158.40256658282874,1,0,BENIGN
28116.04938768317,68,5,1203.256047302142,30.06185229752425,100.3968225472202,1427.3667425589945,28.122541505500624,761.3251608330817,32976.8661215128,693.9697340700192,8600.788079867518,38052.61767319778,773.2935382641133,132.4963956102705,1,0,BENIGN
969662.780528053,41,75,239.12945787857333,30.362216388423903,746.5456023883406,917.041919804737,25.38075817624987,619.8369339709482,15393.173402256682,973.4715496050899,3649.650553438662,62827.76018996684,594.2222633699919,234.09048988242247,1,0,Web Attack
659093.9445109019,28,53,80.31944360291438,32.41709476259273,267.98167014390583,224.9846937506107,4.533363417908234,556.7048587689163,99761.92192045094,666.2284788630624,2630.8580191670894,20338.564040583937,659.5910931655663,32.519649675351644,1,1,Web Attack
96766.55095809035,800,95,332.3269529946677,32.694496134911375,605.5916388940685,1295.167676778926,8.588749101715685,347.6724688458747,98157.28832853145,3162.530310887917,6717.793683362824,23726.07431011093,420.12084477473365,400.25482289784395,1,0,DDoS
852784.5438996038,41,72,379.5866545046082,13.716105742035264,93.93312129700698,524.3951631467849,18.429688690446863,766.1654800334308,31409.71756334053,902.4632938516,2296.2941754767353,19104.980086947347,434.4365468884454,336.255684648703,0,1,Brute Force
404575.9571825804,84,32,786.2944702203225,6.414364224156008,719.7936882794688,467.6422862057049,29.24524435857694,632.7359921201115,96319.4542555846,498.557615777449,6162.196799489678,33494.280585018576,555.4162629931706,231.69174293315987,1,1,BENIGN
50263.826614338795,39,53,1284.021963229693,20.254650142471565,412.5541691962775,568.2387573318157,39.766951667269375,124.48869289291933,59062.50203929784,681.7134219534058,9343.956782087274,78022.54765070758,793.9858112051635,58.40615840606134,1,1,Infiltration
881224.6111922672,13,4,1146.0037087239548,26.090260710941763,425.3530880718994,258.95774681670594,13.18779546820207,144.05600228243682,72518.82297094908,160.31275314440282,7024.114366215138,69228.61640569451,389.07140403337957,67.61432705902615,0,1,BENIGN
700415.0946299791,55,52,1250.4402234754925,30.440291607436556,181.59325781244817,1089.9799973971785,26.740527258712874,608.5718080843039,18973.962689324577,157.67456312425296,2372.4750193683144,36593.511597866076,643.1853855872089,368.961968739425,1,1,BENIGN
11655.12538608418,35,76,447.7597438594819,13.363155821352702,455.5695396950293,189.52315976512583,25.70777666192199,287.11205913567414,63308.24091766906,834.0235123820785,1719.4022200409224,93088.00056052288,443.3229872074573,461.4638825869842,1,0,BENIGN
40394.67286118724,620,53,1110.135714873616,3.7530922630385755,760.7282031074834,833.0035606113902,12.256335797340029,566.9773354698838,4568.109042685869,9688.969521829691,4864.8367781634515,16205.908738085938,676.4147401158313,398.40605934012706,0,1,DDoS
100519.51367522484,38,15,681.401809472173,12.954878000822658,275.6197725133627,1131.06129047294,29.902649367192925,433.5190095652328,65795.9332376988,511.71203103822086,295.6062072977532,6609.983248661949,331.6428328297518,374.8731793141971,1,1,BENIGN
368093.2496815383,82,7,1230.1997105015744,33.83872578618564,196.8707394458404,1077.8077900149133,29.270241492057142,174.56384955475346,43426.22210912275,620.3757716632553,270.4054032566628,40465.13738625782,157.7682570401917,270.9482505604436,0,1,BENIGN
36079.9978490631,25,11,924.034593020058,13.1192623410245,475.2265426386384,278.9101790173419,31.074494113444473,694.1469763575116,88933.63764828087,304.14418137246815,6610.74632257107,27911.448289154716,619.6951838167996,60.26250111316178,0,1,BENIGN
855563.9354864846,45,85,589.718675416868,36.1415674144181,255.33622584923586,1451.803401896448,30.688135358227374,792.9128869661039,5485.071178207907,274.10864227254314,7415.229922579588,92225.74762802503,61.865821010784245,0.004647987792372188,0,0,BENIGN
767176.3868330106,44,57,418.67409890454246,29.73261974621085,313.4202308895121,1276.6179556456118,13.115548745485789,573.478066676687,4606.389727905076,385.624323822309,3438.8694479258393,81669.70714019958,1162.4431596802733,230.4406383464807,1,0,Infiltration
96738.9249064927,560,37,153.11797630704655,28.531268895289447,446.97978372100397,63.99664458119766,10.052518349017747,740.5339862204387,92613.53114139661,15977.411503092288,9817.978236747114,80656.45701017424,47.75518233678635,143.91717015075588,0,0,DDoS
218918.93286908098,30,62,1298.4714639893778,24.64807434229186,745.4137136903386,770.0909968217038,35.56144176532806,385.0895948123292,27794.778241446038,916.4212768086177,3885.4714060319043,50345.37684335772,289.93408072331465,331.4188001453649,1,1,BENIGN
899858.0212065007,67,30,571.7727064734681,6.744272251580572,615.579753311139,113.89182750547329,22.139398143373118,264.1438617224376,13453.657861583742,771.8410302814306,2181.9941742100145,22375.28445337334,249.05835670482148,293.3833819140137,1,1,BENIGN
241945.44915017893,97,22,430.4703050173011,37.983799811514835,180.8573123490554,1072.2955210025752,1.710141509971721,190.2399051276213,33925.875690009845,794.5263972899542,7901.866034817386,95260.66015569876,736.7433020268325,40.757297522508175,0,1,BENIGN
865899.5021206605,52,47,1241.24288820071,6.385700760030972,293.7196388527001,82.11866442343164,4.949123527485542,378.75167291341086,81851.99972988358,773.6924043879133,2360.624640145369,15177.528002437404,335.84023186614525,441.63417360644235,1,0,BENIGN
88898.5986551016,84,8,225.11560775503412,3.2134773999745914,185.0454931283244,412.6737882783986,11.050615165256993,530.403639907973,5592.689374725838,80.90097899937359,1895.1745531778784,87207.58628745038,517.7397438080569,365.1848295939778,1,1,BENIGN
38057.56482681652,12,21,878.4502077718769,35.880111775108475,710.3906638492354,660.0403313694923,16.943117160138485,162.4534015040336,25819.153885474825,925.6710099632594,1418.9497492426692,96870.26767889771,423.6012981635493,228.30338738341555,1,1,BENIGN
45989.95338104117,730,26,426.19367913452623,2.659472120594879,434.6893685788328,496.84616626560967,28.314608120110883,589.8769911293558,33277.49045262586,13383.075429968085,2594.165650392148,72720.10088695287,52.21863061436871,75.80438349265638,1,1,DDoS
66469.6154591001,1,13,563.5911940375834,0.3669997661164359,619.2119412845506,857.7535185213164,36.02717548080069,63.583584734158535,27211.929308255392,731.2785322709585,675.4742700295255,24313.313486064744,492.72267857572723,396.8788265538769,1,1,PortScan
315134.3686733879,60,134,88.74382664167044,16.13722475130221,774.3970122468091,1106.3445701365517,12.019160147458487,477.20314367853837,59950.225426397665,23.445825967131906,1796.5452788797277,55182.176061839666,519.1379166793855,95.01890726008038,1,1,Web Attack
310042.14505261247,73,35,932.298509675781,26.650452106454836,548.8938845985924,361.61954602150604,23.813536288894085,728.1089132924048,35383.44131622245,210.8458559485799,7723.773665047413,17696.525186543546,232.84902750011787,50.32219715598124,1,1,BENIGN
64251.44615679681,38,49,478.91528354642685,26.690385839293963,530.2642226826706,883.6193991565563,4.550468868435065,402.4955972329178,35687.06606018862,491.0893659911388,9219.44569079511,48058.32900240924,50.625401798029,219.41836904206548,0,0,BENIGN
513438.7345208282,2,39,719.0294478552358,22.548088776727667,799.9022930883417,980.5000116472909,27.77059720250454,413.5051491117195,35513.50612317473,812.9716883488413,495.437392014897,99469.06609515287,387.4116364437135,34.00014182378869,0,1,PortScan
194317.33433084842,11,74,1142.8665928660664,5.5362001146811,660.8490996718845,850.872581308312,0.171008086751252,435.03164961686247,39627.58206446928,296.5168666388586,7714.8596269795735,89950.9933670485,619.6163479022838,423.3862907954366,0,1,BENIGN
114726.67918245778,54,99,1415.5340404766453,17.43737963564513,788.9076354452799,122.98502917653664,28.71319104563565,481.5723395486848,50103.91374549933,970.8503167448608,1305.2075009063751,89600.93517857452,848.0140686957357,129.49803664981636,1,0,Infiltration
814245.9053402635,50,10,1282.3590080525319,25.465164737801945,147.19544152363264,988.5082186655103,7.653790508074905,353.06119719956365,17112.528866778168,22.113914055551874,2126.7465291050753,53641.838652175335,405.98633551078296,250.74854776803184,0,1,BENIGN
70429.28604916639,250,96,1326.5083291722945,25.760928665421915,581.9098491965601,444.9162801908515,0.0244654062234817,697.6854651976033,82260.19601952287,2465.5913770805187,3747.310298213502,66137.31744577437,535.6042514862334,430.1751674042782,1,0,DDoS
97314.69548463213,49,72,62.0568705580484,35.930922604405076,440.5534375897976,1280.7113007714363,2.3961880401345503,212.8681639594197,26012.06152259594,386.7528254893242,8030.635060251486,38661.92179441195,195.53668253120853,32.49513016938421,0,0,BENIGN
444858.5107375294,2,68,1036.1391977749984,5.414498470410312,148.59482998612307,1142.7993425338354,28.850731739416688,327.3033828244759,7834.484106950724,12.196811896282354,288.8687925122831,932.1351359868214,214.8551920388146,209.75037010566928,1,1,PortScan
916323.2429937383,1,42,1479.9538310515254,0.6009069695149849,426.2714969362217,793.5247611194488,10.526461005830953,543.9019491371822,94499.59655205866,450.2689095634815,749.6700858957894,64610.56522455311,399.4358162917033,24.906149901602337,0,1,PortScan
25538.357042326108,42,79,522.2784264751692,7.209346072738447,427.9006731152752,777.3931249027942,5.480441147537136,193.4410026609963,40875.65002366534,408.8705312510761,3182.40581480065,14863.029699482993,64.98599417511666,485.1175312140103,1,1,Web Attack
995052.2480996782,39,81,409.9038220336181,9.004877482685698,85.86258410542956,177.12299146539038,26.269996433934462,423.96007046428264,3104.2155254463987,969.6647925768906,6563.898236193162,51551.70221591068,247.27041983608171,329.04944240375164,0,0,BENIGN
682603.6631147335,2,91,1367.520634134048,19.47897006406725,338.638153614581,1434.9747296980167,17.528371244448465,588.127896846329,65548.13407725864,165.2235840732483,991.1516309693939,46365.79618586576,340.03475503715447,459.8067463766151,1,1,PortScan
792508.4785973344,55,51,93.62315580263672,31.958501010278848,144.84276795595133,364.68381724745706,23.0853933947703,241.38538741683112,66168.68581056078,608.1096406543116,1090.4144841524937,65604.89781335472,1113.30859720042,80.55495259291656,1,0,Infiltration
459665.7106064266,34,13,82.21126196917362,39.262069516688825,514.8479407752886,771.0301621210725,15.348613980013068,449.924664706261,38072.58927170881,359.97193670092395,4644.825951802911,27605.54353678237,176.83792397475693,278.30294909014674,1,1,BENIGN
32831.067170158225,29,81,1265.040120109817,28.779498814304482,721.6703115867762,259.5814780153893,15.509661133074939,392.7242033570226,29836.613096345536,725.3939115046292,9125.26373876451,41254.09510493494,755.5718930944546,258.38445357202835,1,0,BENIGN
26840.423201281345,450,48,1457.365297938101,28.66108704885619,558.8680950788303,856.1444823092529,5.037696654100907,183.81883632144522,29018.021898386367,17803.34693874274,1737.9655507847206,92288.08871704419,437.3171571190771,357.78481773653607,0,0,DDoS
958522.7563206082,60,59,328.492181867976,5.16294661227318,217.27580750503844,977.7972622481657,18.21470934014254,460.85443561680296,12324.246393725825,802.1362355181838,7843.106058792681,2168.775215156112,331.47147182783175,34.385300985573906,1,0,BENIGN
901997.8954837268,2,7,706.1919893665864,7.37951508657591,322.1385502003308,802.4751472876507,2.1332315935435586,583.3015121148128,54375.006701070415,828.9761213089523,272.50872069000604,90333.07731587275,799.0076323031369,459.6492191888372,1,1,PortScan
687446.5914855513,17,72,805.1713526295079,22.466533477719167,596.1069090022817,1253.746156068137,25.850437785289444,468.5694878125609,37439.54855578891,137.96443141002433,9586.191039632191,46189.610809607504,470.32130581801886,375.53656971820857,0,1,BENIGN
797046.0407680732,28,80,72.09475183223624,21.06075405641657,81.243961756652,844.2739651170452,28.7379330502209,132.6061901964014,69518.82223718113,449.58789270070866,8117.413777471422,53363.5580486363,443.1785508514996,165.9957817118543,1,1,Infiltration
405813.3217867033,89,74,571.9139234684865,33.98508219777699,618.3506189647829,362.5332760830357,16.522264928540128,189.40055382212913,95426.26000178722,598.1580667476821,7546.004377560001,71383.72688118114,704.0039161764635,474.6638892727297,0,1,BENIGN
870555.408859569,46,130,1395.9373290683848,27.337063616720148,53.39987078985878,824.128355218856,25.16875888354454,795.9372094481636,99607.0888239602,857.6254742020249,647.6716103408742,95328.10631396521,758.433821753279,400.4433852395897,1,1,Web Attack
463297.8210692596,58,47,1338.234187752914,12.477555286273505,72.24736030896986,988.8190026780187,27.369569064103224,460.7296228238198,68364.93130489034,523.8019690399475,6929.401832829465,4403.3012814539,319.98200136797635,105.40845897684231,0,1,BENIGN
191391.48696998498,92,86,104.01664731800626,9.37486345615223,341.37495009994745,696.6757946859266,36.85469610798074,465.6033166987167,4606.588452487349,407.9221771293193,4170.739219567008,96549.4389343941,495.3897891760422,317.82553557946943,1,0,BENIGN
635087.5650954689,1,27,1194.2083721525587,9.397130531630062,784.7781801028782,570.2376911915,6.76268244658452,419.61749615571046,72556.04838653123,83.36255421994322,634.6526277064268,85809.21156342536,238.95392684598664,346.56160608835376,1,1,PortScan
259455.43527104968,41,105,496.9642064410591,6.423474828925033,720.8717161713358,909.3650047534542,32.997353505631786,454.4621878411741,22075.710357336553,337.6150582190152,3821.57303631073,97293.75190224519,66.42193735477605,492.8330115122535,1,1,Web Attack
476640.5201017427,74,117,78.38988337584459,8.973887454870582,758.4251461524124,60.09645226968397,21.839765416919,97.45720755995607,28711.01818491509,88.18404142681547,8596.690924919434,59111.160257674106,1088.4013709188766,344.1765997701142,1,1,Web Attack
638746.7107046982,1,80,747.0202269920546,33.838374616920504,529.8391031094737,1209.9159066889904,31.454557464096528,185.19432209802443,65051.33689851261,199.728054379416,5837.371577655271,67746.69409778558,797.898654406566,15.27098907486918,1,0,BENIGN
398421.4501381134,97,50,1272.322245869218,29.479183828846068,721.6274637907602,511.37551848740065,3.526185770091965,84.19630127228609,85228.0586899767,730.4632507242559,6989.166907051098,33974.23709118142,328.7279433498519,479.0567644496596,0,1,BENIGN
309702.3603760223,1,67,1124.1523616839859,13.236475427134984,588.8321142445254,1073.1753993524553,21.391475017324602,630.8035782000171,58145.72858470722,286.7081891629759,734.3811857633547,58918.09018961358,49.67273408433961,450.8220888851547,1,1,PortScan
950103.7091659169,42,60,647.0014060063788,17.97747101232182,720.3118408185131,1190.69026039315,5.061027052623119,503.8339139704729,99591.0733745956,595.5911461623625,7860.857539675124,76908.45672338328,306.2413196629697,185.92465135197943,0,0,BENIGN
570613.652059475,65,49,738.9310534031257,7.106729193566368,705.9178720546062,807.6987421587553,34.67135111753384,239.52712857690227,17316.36095226724,18.114845955367656,947.7079506678075,14755.585782612325,99.93022740725684,448.4396475710937,1,0,BENIGN
959864.8504920112,17,62,813.8359697644274,5.233217142942097,144.15954869156417,1168.2244004378588,34.22916336566963,636.3829672796301,83474.12891299582,276.642658396757,4665.997185344168,45925.34634570475,1194.6230795815723,474.5890100578829,1,0,Web Attack
258670.1790268141,57,71,1314.8890231524072,6.825298282535104,207.00765663735987,550.1016498379474,37.07640754613534,422.8971889900542,64718.9200560937,387.2845827396714,1893.3358899735827,22287.825735473933,650.0301274400682,446.7410191599192,1,0,BENIGN
807854.3530136097,65,3,612.9694724983104,22.58914401595979,223.79459616539376,155.19877797349,0.9765725928888846,230.95696423501659,9250.044211032424,336.4070044569147,7731.606068193958,71632.27010537896,504.3049933189019,426.25012193973936,0,0,BENIGN
399299.24575221224,90,95,631.8133558932615,3.923774649639258,781.3727787316024,242.2198956247324,13.635428978767381,282.66824344833543,7560.475338389292,152.34490409886547,458.13477849200433,29247.52531111574,1047.9888933929533,169.72110286869224,1,0,Infiltration
99660.12519637051,990,96,448.1736678410314,38.87388217123154,175.86997853837022,786.3725384903793,9.586085320643797,748.5874424049454,98153.94935617177,16294.327526708068,3154.6903199699777,40354.71265329769,224.15231958648022,445.37898350449575,1,1,DDoS
656567.4165960116,11,32,583.7202702610841,13.2698596672425,748.0185251815292,1312.4108642448375,18.89434480795069,308.595069020216,71075.3819312856,314.5710253067274,1202.838290202879,31022.11970802962,370.06494640907346,127.70568799135407,1,0,BENIGN
630879.6971259062,53,91,314.51684714526317,37.74600287244737,351.27388537161613,77.19997302140757,8.790876690593743,565.9712880461079,20241.82789117847,54.00706763016851,6180.885151732782,51840.295511512355,618.5620354348246,386.31569427207086,0,0,BENIGN
39085.52087624652,18,63,113.15626371235388,20.492612450266485,406.09616468144685,1136.7960758058,11.275750823973297,206.4907846132956,92620.67059344605,571.7524809932689,1055.8487871537084,19311.685859809964,799.1078052308287,97.8044981260962,0,0,BENIGN
885610.5349403503,26,11,911.5490385422511,0.42955927191929977,708.6443576950293,689.2145074245258,37.26310612074306,416.6096497691929,69453.02646935427,69.38572020169548,7454.06501873259,33806.22317087917,307.0328508921534,59.32792235469498,1,1,BENIGN
328273.34795456525,98,4,752.4510264215585,28.913835013731564,777.0249820443621,1298.2497610417097,8.169638209926466,587.0313763850771,28981.2152604572,683.5042471741531,6661.396550003118,27250.33598652489,218.1353513651377,51.96888129446292,0,1,BENIGN
49944.40969557817,51,88,388.7239716375718,35.506333138491044,293.03467392086543,320.02735388662455,28.622219831803804,282.4930137002011,33403.32714381201,739.0026982789421,2524.011627926976,89677.0371700855,700.0207129181136,268.915855586207,1,0,Infiltration
1145584.5518328284,40,66,341.1954263773534,18.730236352825745,632.5277850364553,1411.3710994807618,26.53994521507787,424.6688696643066,25148.124553451267,672.900673659704,9822.575160976538,47627.48532916811,163.22782795632048,51.67029072708929,0,0,Brute Force
370897.0011855301,88,40,292.22287522645513,24.234118735355832,259.5091128236192,1203.6092310094452,31.935845960119636,629.3150313744819,52530.86802875754,284.6382534088437,8096.3459983475595,18618.19518830476,260.2172975417786,91.9738530803108,1,1,BENIGN
65254.47417874744,70,9,1497.1501117222576,18.25240537754624,362.979003707311,565.8042044914091,14.465138373610507,249.5853601450999,98064.94950214005,17415.899121969636,3173.5633195225896,30529.85217453706,118.68583026064165,438.51543025474643,0,0,DDoS
900387.6911080431,52,98,253.4014165652824,11.885972747559666,406.59467651320205,1049.1186310830376,9.704280678138089,446.50789975536827,68498.69557884459,448.7958767724215,8631.629351590556,86947.21569301204,397.72532540673876,486.4628552044498,1,0,BENIGN
380730.19697753864,52,38,958.6322298765049,19.057829451753143,134.9113180628911,288.92638181032555,34.08591935408037,699.6124601218386,67422.46393228594,664.2515504816545,5980.844458997797,20300.559311341804,365.47053219752644,347.9473257316894,1,1,BENIGN
953561.4510394264,97,1,940.0300453427924,36.92957534912751,112.96836920637504,774.4230419631829,18.24972103385178,351.75580401548456,83575.30202840321,380.7080820827876,645.9966990776659,6593.115839008607,72.48590095870283,204.57271093701863,1,1,BENIGN
646503.8735795063,45,88,412.595101062773,24.02230624242517,560.499938420404,721.2558892911036,13.468663891203803,510.5551791964888,97786.92402407288,426.8987252280412,3923.4336118883593,46432.04757358707,97.92597901823665,276.581639835695,1,1,BENIGN
466310.11544326163,95,77,626.6064579376281,4.22941071705802,58.46245458383302,1243.733567516973,36.64995213130539,197.83273275292106,53975.8965570427,278.0303613152718,4940.8386123351,43668.76577620708,244.4788018611691,350.19678981764883,0,0,BENIGN
767698.6654939754,95,17,294.720385717009,9.467401038713476,477.1998716786365,470.9405281361063,16.89301297918414,409.81157337014196,59465.17593450542,251.12621930682144,1639.7700341140458,39862.35314552471,102.33993089025606,263.38258554545615,0,1,BENIGN
112819.25907631604,74,25,157.829146595118,39.33848141537611,312.33178347504963,519.9927523480162,3.6652700838819685,485.0873216051968,58629.63301404389,493.8564467074138,3117.091270686679,36864.40319764147,283.5825791920409,213.07320414025094,1,0,BENIGN
29585.6893700035,740,82,675.7714317921562,0.15847337083600976,413.9827564078779,413.4969126616846,2.246018160980716,732.3761870612441,32309.631515304507,8522.85310292674,8275.158151799036,16687.22918566444,686.2346952818192,120.81897403868885,1,0,DDoS
90502.34444731887,990,49,701.7184298250004,22.890774093671098,193.58267168255497,1046.0485278587819,7.475228482022209,463.5081851794752,64795.60576991285,17971.86644179428,4507.396361516368,77535.56932665536,167.32317111125016,78.09823936691251,1,1,DDoS
632377.8066288349,99,69,336.3353446797077,34.491701182168455,300.3320459011067,1421.9022323062343,2.869918569028549,409.5186032750804,59752.725280037164,247.72533346475726,7716.088085315075,62693.2990242736,53.76317233884622,304.1842953481179,1,0,BENIGN
995748.6522368237,45,95,404.00399751934054,27.05832937851612,135.68198881579013,1293.0401797464779,10.024479436525287,314.7047803718151,63301.099266789206,1.1292126338101365,4732.758657744782,89425.94966095212,557.1158873679636,193.95018246931727,1,0,BENIGN
187886.53630429975,68,127,382.7168685711191,34.16898556682818,587.998191217188,1209.570843564261,37.720474099726644,216.55467005045801,4967.045234423214,290.97462979690954,3997.4016931964193,62519.72906921991,969.3832012223098,174.90164402344143,1,0,Web Attack
225406.19345614244,2,29,900.2801651518492,17.442273220714682,761.1615703069307,561.2645927574839,30.382224140273316,483.1504850326672,5552.15158577266,84.47710945464746,203.95333170180024,14323.830758674107,290.3223321297764,289.4944579993451,0,1,PortScan
733670.7008560402,2,28,345.2440765385097,39.782622728343064,627.8457145676919,1100.7932341585788,14.44362315981171,454.79088890826404,65426.387048507364,620.3808270310842,705.2796538391032,8247.350090450278,310.29280895208956,217.0000082977386,0,1,PortScan
710699.0269321706,38,85,131.94560261412462,37.858323783621984,621.5849253741764,1107.0435888507811,6.914420999549078,498.8885836892636,53019.52218618588,982.4705989021152,7479.240983100778,57580.43075278596,686.6176265172929,77.54713543035474,1,0,BENIGN
9840.162909121376,250,44,1127.2338605798145,10.821393765359563,517.7597238323585,1379.4141120954127,12.658981265514333,205.0295599583383,10745.632085731066,2610.9863036716824,631.6047268346389,8773.361459185715,368.32348749495696,160.43252251198487,0,1,DDoS
784794.72582207,67,77,174.69766509726816,10.374648083099341,105.34358162503162,439.50183339417686,3.6960573012281994,426.3147387345814,43891.72978667961,174.13292535352448,1756.3308588141094,62614.64628120209,501.3183264492193,28.097468366628465,1,0,Infiltration
591088.4501012025,4,80,1366.8877325815233,38.00673363052375,244.5567671380282,1141.1347241926119,9.551000332782401,600.5844829164208,79762.25513175371,247.28098314027835,7161.536740396517,81212.33284102034,312.5199428012529,83.85138799486347,1,0,BENIGN
978100.3095037816,76,48,676.3258728444471,21.46483611419834,252.4411929129824,278.0761663456928,19.283246329290932,392.26119028706074,52240.80228509564,952.8093051053844,6042.914048446274,60581.12594387116,137.29881977441835,498.24443308841023,1,0,BENIGN
414358.981789811,13,81,802.2423613769237,7.763781571584207,564.0117588084875,1358.3460164814867,6.54823272553676,105.60188784948502,73848.06866348018,273.27451148981476,6242.38679075712,69578.87621583814,426.97827048327684,407.5722987128922,1,1,Infiltration
763317.2232036915,36,130,1355.7572188639576,2.8043917089724335,244.14602649199287,265.62752112255816,21.352468570333794,609.9873209430419,29624.766794481162,758.0202777775831,6690.468574960989,72824.9387186576,1140.9978331650245,212.3059303933514,1,1,Infiltration
80757.63857636426,170,51,1276.3274171895516,2.314099639963656,44.85925157777486,271.30363813302193,39.1466874789293,437.9096869895101,4752.084410259526,19943.519329626157,7451.663435721955,83802.12754436211,201.83480012486342,52.72471711817883,0,0,DDoS
637816.8742532657,2,80,1145.360282184947,9.08083302214048,542.754654176352,612.4815769376216,2.790139412813568,193.62838074497284,79420.97354656877,895.9411050106489,283.53898971684856,19044.190191188154,60.31062322633285,473.8486942934059,0,1,PortScan
672996.8766945045,83,96,602.7193000065007,5.963590749148664,56.82576383603089,359.49862927803116,4.298856158747251,636.938223447702,11338.54598560715,724.2558144831055,3862.7303108630654,7347.10519048016,657.6748375680052,289.8152851183067,0,1,BENIGN
45353.78803916441,56,115,1137.988514596557,28.375117212395566,259.8464872306033,130.55631801506337,34.32312288899775,278.41020493312595,19651.770151333694,516.110216178741,9103.16972083165,4364.222318559101,933.016660355212,286.23661396935444,1,0,Infiltration
965827.8419991882,2,99,249.72515300529463,36.51526980890788,548.4043388675508,679.4595914804703,22.930382810571324,606.6665679339454,77325.88668070115,919.9021914008827,427.415946106727,29348.156892839306,526.1448427602799,207.86394963976517,0,1,PortScan
88152.91055878984,190,56,1206.9543591947688,19.733051071861873,165.58079655990468,645.4440560881701,31.45175715366793,353.7730456689753,69683.42628106181,10145.25920619844,2419.819019842873,79617.0892972272,104.00222509372215,262.4451413775753,1,0,DDoS
502983.6436895405,47,4,1418.3373079250455,37.91408292287335,93.27470713305945,937.3826921155087,1.6941060355142445,532.5416168599347,11858.535921287144,946.4081847395981,8644.743438564305,2242.6597670327965,634.4201105879707,317.94855858530553,1,1,BENIGN
67828.22354570913,260,57,1249.6850563589603,26.08263278741111,388.39451216207027,1402.1158215274345,33.22986218882224,419.4795125417461,70217.14810998569,11339.465183689334,5883.542961498762,33104.29718305275,391.1842995149215,39.060715394872105,0,1,DDoS
95322.07089031358,520,88,851.3553889223418,24.26489007238328,181.1481009807353,1055.1498378165547,2.8263517069754496,256.36112120757787,66869.49839381568,6207.5820106066985,507.97027240339867,83188.72223100287,275.8508054222679,31.55261242933921,0,1,DDoS
178098.1456268041,87,55,1321.1431957398045,39.96890848095595,685.784553696127,999.0900792519317,33.805341020819796,102.817846960264,63518.64962123094,216.60038003178158,1169.4758700002335,89288.1965202869,526.1301572561208,121.77327296096185,0,0,BENIGN
862195.8346743407,44,61,1470.5094528932227,14.741178933858293,568.5178061493028,1080.5077843294227,36.4673774282811,712.6462659147471,28244.786185821125,643.5711247379023,3943.1171750607546,52559.118208607375,692.3335189958307,198.1717229155184,1,0,Web Attack
607685.6186231456,86,29,106.29882788220739,5.983588116534473,332.1209535581031,231.32162535233132,34.82657910475024,57.59115078056849,31647.69236194867,184.7761600312559,9316.077908273748,66951.40567895389,733.1429949030446,486.1643551551967,1,1,BENIGN
193809.41331796962,77,85,99.05076305958107,2.0544429213085946,502.188636211194,977.4034342366135,26.610516972898402,322.6291834873293,80613.8943825439,533.671225267845,1063.6016437941003,79711.95971366385,764.3315175655483,30.018156501179337,1,0,BENIGN
146556.1130023091,99,25,1183.1924683097138,26.839779281132643,494.5148250749378,320.52855909696945,8.828140822036229,75.98478760739269,24147.171735248412,345.5090650995681,8333.12158558563,36645.60274481338,613.5125549018609,219.7211406477438,1,1,BENIGN
239917.57390177436,67,52,156.2700157854677,35.914677277680006,343.40330453367244,993.4616256727979,7.42458762825585,666.1769411488917,18101.319351297443,386.5704974000752,2387.8775370134554,83752.22070911681,1038.5028275597224,186.01444468511562,1,1,Web Attack
878524.1206140701,2,45,1394.0093665644908,15.321752514003343,155.43366553319532,302.27875418288033,26.7932780918888,349.72008153974855,15715.82837434759,292.29763221811754,531.0744669607158,12153.31224354402,42.616299197751395,458.6490237478063,1,1,PortScan
666768.9667674508,49,37,142.61991648368127,37.92828247261858,475.94039745409043,781.4172214485714,33.57575884479648,697.9796747215889,52273.8144124487,927.2695995610579,656.7302831040415,11331.446967199241,493.5590548109745,177.03293089679184,1,0,Brute Force
766255.0390374963,56,77,1496.1230419539074,31.47516791283852,247.98635311738826,425.9438718809765,13.435930804680286,680.8772052922844,2826.0362999915033,230.25826074337058,9050.135019239227,63993.24464396437,212.40379258080287,109.57248411629017,1,1,BENIGN
256205.47785301908,14,70,1165.6708603704326,32.55664426264338,433.9826249988563,1370.8616105255528,13.03806175817741,159.0708221041137,70902.36002323,539.4004805652957,8547.311830406716,8125.113319980248,1021.8093399193962,146.6473266044111,1,1,Infiltration
609620.3381739703,21,63,354.49962968272473,21.5052270641418,673.2250113710913,512.3791431131102,10.098771900851183,251.99083456464263,94918.30207637478,359.34098807298324,46.00635648398888,78170.30398388238,571.4488444548965,64.28413230148445,0,1,BENIGN
50082.94129915075,620,58,1352.0622231229113,9.75853925674253,257.1843641671254,218.71977776238768,30.364763823370403,492.6174531084485,60945.71030852438,4370.971679527233,6515.172207379568,76548.19014021393,311.9952833515238,400.67357198085614,0,0,DDoS
33826.73444697321,2,33,1455.5087785342346,39.24978402729563,254.13195953972286,684.442672977319,2.519116319465322,703.7393937794958,56900.358098707395,385.162168872623,113.65778793066393,94677.26087683394,442.9664763439552,141.46396454145193,1,1,PortScan
232974.94497575297,73,55,1246.6890689594713,16.924219251053195,231.7534269765649,1475.7860682889848,12.155502718832874,286.0304155500504,98970.31749187357,134.01410041633832,7607.734540216854,93581.91772068782,428.9641956493182,1.2608808514100178,0,0,BENIGN
416246.0421676024,64,58,680.5188613703488,17.2770048538369,463.16000245832345,889.2682537316131,34.25185235195885,274.35013381400313,82184.9593103648,565.977155317178,3012.2902016742983,29519.65314016765,314.4645130003506,311.34662130998777,1,0,BENIGN
574955.0929194826,3,72,621.7920261434291,2.653024453522703,214.1805323051168,1329.2760798094776,32.979210650195796,105.76472190617696,22472.477464387357,769.1883655951077,4864.123337568311,75999.10349925548,300.64541769484697,476.3490695851374,1,1,Web Attack
558493.3557599209,16,16,1003.0471979742604,13.205107517150868,539.1363807760556,397.37801840471246,28.84827122132268,313.2880761791461,79069.07896405258,136.77624572634176,3626.1597140293293,46398.60605293067,362.1225986204383,216.54725226017,1,0,BENIGN
193237.7875593278,12,77,822.5964430264942,20.597547183492395,71.93412936243334,141.34875954160094,0.29681231522600715,734.0656115955616,40897.82733576829,468.6145199957992,8455.415606448696,60928.538574474034,754.8318198852625,148.26721467740623,1,0,Web Attack
53244.27721373061,19,40,339.2430875612358,30.978727838550085,647.7833426411947,352.1306653910959,10.465960529784013,221.74869710113003,88468.51758309649,774.1529680237443,754.989497267307,83268.2683232103,68.00738375160164,126.59989549150636,0,0,BENIGN
781456.3712731423,51,119,603.6591828395195,17.70148863109174,437.9364355250204,227.45841083128735,14.379509354084794,88.22166626621873,97968.84622919768,118.61617601724411,2592.6621380640954,89130.37974107268,610.2894527126217,67.81860076031515,1,1,Infiltration
200295.97548479334,4,66,1011.6483707553798,23.227832790007938,680.7757400037528,456.9913821879974,31.63424710747416,279.0357834278345,78766.90863651657,451.1089003558819,1178.2852602158734,38158.17083199599,217.45489151541048,50.26577539310956,1,1,BENIGN
881409.7127372153,2,44,1252.127182036745,2.7534340606642393,640.4939319884999,1183.5926830984185,5.251615764184527,543.1270162703206,45305.48291228223,900.0235221197236,695.7129540332718,95099.24376206147,119.74121040872919,20.30365722619659,0,1,PortScan
645701.3446212234,2,54,411.682884592332,1.1623284754009333,436.177960779384,727.8235495974723,12.275727287563182,704.1635193011014,74957.28494116514,858.1305715609267,162.64715051772203,69244.2717744447,781.0773189183316,305.9569459043461,1,1,PortScan
765611.6788199171,79,94,222.35975915566434,39.07445875186255,788.9893406952436,1407.6104398179327,19.841392376250575,227.01634813038962,58242.7271601031,419.9918450875886,2067.426960724799,42373.40419768858,544.5562751149688,35.45665539299553,1,1,BENIGN
749520.5559111295,75,19,1448.516837018873,0.9048622850840271,488.3700913218273,1173.4964942266215,31.51585252178892,66.05670305083487,90650.87175077989,918.4598267599295,5618.289827812183,48213.49905672574,74.09927192757586,280.97707125493434,0,0,BENIGN
403943.1785293992,1,57,188.05589350679497,5.318090830638678,146.17974489336035,106.46722970762553,21.65315437079215,643.4154717931633,61080.079248997245,574.9973900643009,680.9433044743337,33971.13585397076,315.08509445265395,157.13504911046127,0,1,PortScan
53021.082751703885,930,55,1038.8800051043597,1.7782645770673877,389.39591311902507,688.2964480389468,18.39129767369997,784.7171380096609,14013.919467111607,13809.214281677732,4025.941412411779,51177.535167208116,619.419368450709,78.68772128674051,0,0,DDoS
483361.18025871203,9,7,321.12512481786115,30.836625841416936,166.77750526356488,1206.888585128197,18.7574229176735,560.3251322159612,91748.90519108193,408.4806814613724,2337.2456929595005,86717.73802080151,162.8286525596314,315.73802591870833,1,0,BENIGN
19576.151734147028,880,51,611.4539759706045,6.366361273996124,646.3386904954014,561.2716002089775,37.443469436509055,680.2930566668463,90890.94445388849,5891.265314640794,5741.57812278368,32151.73730905532,235.2808688014442,303.54339060127535,0,1,DDoS
275841.1844899348,90,26,1402.7232267146403,3.1977084073343587,328.2021951775032,1375.1832023692389,13.785528821851933,581.6226915984143,10156.572013282366,444.44309285898106,5037.974748160368,75768.83115772618,259.5067344406679,132.09428627526353,0,1,BENIGN
876016.8130234043,77,27,124.6006583600628,35.158204451680945,112.28312440597779,646.4081812055498,30.616177570168848,101.9483873857968,4135.928059668986,330.0628040304331,7301.956822494574,52180.42619283575,356.9214216633626,406.5366587578609,0,1,BENIGN
459780.851266807,2,78,291.3199812976342,29.65201713106503,612.411838529715,1459.5559745439512,7.607461076407711,133.4243589960102,13965.084410227837,184.86963626263287,528.9398711683667,97521.39418278541,487.9679270804613,261.3440328233214,0,1,PortScan
401129.20372571686,97,68,459.2306353214719,33.91802298909663,154.83612097269497,576.008470577903,4.996156212968117,347.67242182877123,4062.164366929618,272.6221401221393,4013.3451985857,47821.75467403639,453.2092324411078,137.49556489495944,1,0,BENIGN
316246.4330711208,65,50,836.636044826605,13.2907887498618,759.97726918139,1273.864123083895,39.303512462072035,566.0977447305198,37884.468260054084,280.93258061234445,6636.545258308065,98081.85008370542,516.3034608789251,440.8074704949191,0,0,BENIGN
906284.6120653944,62,46,1472.8590677371424,30.990568389289677,380.8719374858561,815.3593089406501,36.020619698525465,459.2515194345164,25614.197679028075,435.67625078867246,5167.996728602688,9681.016156777445,605.2596324321966,54.676966677486504,0,0,BENIGN
935247.2091542712,39,45,539.1467302019279,38.30545175993742,199.19600817197903,95.86565168437991,34.897061719616744,611.6740641223103,23275.185323030542,984.7431329759603,5027.778491392593,95107.0333600149,423.82186625411947,235.93729338564552,1,1,Brute Force
381297.0621385381,1,77,465.60423419054916,12.850087050534128,51.52632310428506,1105.5738295193773,28.43193643202874,537.3122323094888,87807.27299034239,901.2774538003782,556.8878751058302,68485.5009717856,48.35878481354945,423.17152943759936,0,1,PortScan
292251.7813180752,65,40,554.8615854733633,13.242147140747242,310.51476130381116,101.15360446444905,11.160707350614656,264.09079765217905,86600.61764411016,352.18079553098937,4477.695231536578,38079.998607440066,131.71182169720214,495.178378862812,0,0,BENIGN
476416.8579397325,67,26,939.7931336634051,4.62251185893344,680.3966711356011,1489.7289026562103,14.65392738834661,384.7890836949941,71195.5509808693,937.1592910251333,8941.996797828288,5768.60695669736,168.4945699431414,377.2985992788961,0,0,BENIGN
502114.3755433675,44,99,359.41979610353275,34.85150542938665,80.25854886347966,1182.004824199388,24.63275599159481,279.55150345730533,72121.16157935694,782.3875585716446,9339.650723326653,36783.78946870482,561.3727193447658,301.30813846734543,1,0,BENIGN
3266.9974069864834,82,63,223.6955209099364,19.782704981525697,408.4831021142921,550.8710940011528,31.573675815672203,115.64263569320369,20581.420564721793,1.7026086416148967,3736.1240269493182,29124.905008358193,1048.3731414842985,372.9051220380774,1,1,Infiltration
675432.6813974151,1,92,118.80004352433298,34.616681411844816,428.6326794373467,943.6618843626732,12.104224836348152,774.6901887636842,28256.910756097033,588.9191093405902,993.4232884020217,88110.62869438075,447.6106672174406,495.18726148360605,0,1,PortScan
85011.88174401215,300,85,514.5201801528513,21.354041571695483,536.4195375811343,336.2424615105597,36.507166116474906,537.3565581275292,62553.66495567301,18084.104330083228,9073.578155138826,13563.656561442665,150.2573830246991,380.9743494700738,1,0,DDoS
41137.58669073094,990,77,374.06490148054667,39.91865199231135,367.62476557285373,1400.2615636626954,17.231922114550997,745.3862336526619,33634.97560384357,15211.338607146823,9510.510103966073,64601.60801279487,554.9495715889059,51.443122661025576,0,0,DDoS
240985.7452470951,9,77,1026.536433273754,8.919438589621498,254.92131600365295,664.2389141762178,5.005168620829026,734.1621858402373,73961.82474669834,365.0276035935794,3003.658298096568,68960.99124253461,543.6118510261249,114.66828595253637,1,1,Infiltration
68699.77587630946,58,146,1386.404464406181,7.852311995816321,712.0214462643385,625.2602420501155,33.31028223484151,550.4658178508082,17676.569084578387,918.0557651244603,2462.718730979712,24421.57046831296,988.1639421666138,52.936627786260516,1,0,Infiltration
830493.9809837557,32,89,235.66675035961913,11.726639229236607,639.65857588522,1332.6681445954314,24.725378052243112,331.2596217509453,66617.97579824779,180.98128208716366,4584.161781202596,50759.334391345765,119.7021279685231,16.936330110803144,0,1,BENIGN
332305.4780077477,62,75,1438.2469833352125,15.396550876558024,118.64421225686753,716.8591821624818,25.921934939122746,49.20596823591755,33300.82194551654,393.5750686884368,4642.5113091818175,30175.402525508787,546.8609164340637,472.3546118629061,0,0,BENIGN
50693.33777376357,890,54,1260.4682942735028,33.1829221127878,159.96291278074378,77.13121838843264,39.327736389924404,769.3371887479403,56481.40824278743,19861.28820691378,7707.764977230928,51742.84454351052,335.891611028849,296.43160474675904,1,1,DDoS
490511.2699776361,11,115,1227.8907817818324,2.856250940231604,106.12514315607969,1003.3227676100385,10.364320269412053,539.720546369801,14548.126841921649,397.12852038308336,1033.677960592584,28216.486750795775,160.66039272274526,485.28932759883946,1,0,Web Attack
971174.6518519454,46,92,704.2411099746649,31.155891903282292,156.81160765381972,178.45561617604488,35.076058713229116,63.65131073446878,97235.50235462727,672.1666666761065,4201.934083792083,14146.118884841711,884.483512088372,281.5558772016764,1,0,Infiltration
66353.4570526056,55,28,499.9302996934486,0.34716633350643455,47.28157147518186,522.9070993126472,29.1049353919685,514.2732351168249,23977.862905980255,602.802375906954,6477.302179639321,52261.76658327165,436.2290211419851,184.87393653131963,0,0,BENIGN
345399.78271521284,32,79,665.9760822955349,30.90007862738826,405.66971344494135,1191.8791691151052,2.9403310721070097,185.61141560627627,55198.271539671434,947.0936159202197,756.8308887505854,4317.990773524863,158.97851294517034,320.57656443007824,1,0,BENIGN
144051.91633243536,30,60,478.0385519787477,25.06920346755141,560.7312446291759,221.3368091871098,37.75218835966958,299.19354274455895,71345.55942372828,524.255298175804,2235.353554335595,84624.37002830995,661.8609014258667,198.03592695834504,0,0,Brute Force
267501.3298019462,21,58,1473.5726195378768,31.88555360281569,630.7613933389343,540.2874889890597,26.453722866858968,125.94709958742928,99227.47661503157,480.63625932221487,6391.69060396114,87618.42814915856,40.73337100110863,487.99121379815404,0,1,BENIGN
145148.8297590446,56,71,1311.4257223661712,0.7995599577956103,82.3511678637204,1380.778824525159,4.914725291096063,511.90487261488875,62003.079971814754,869.7433620751434,5730.814513202527,43406.80101694977,780.5293947691946,114.40773799948501,1,1,BENIGN
975319.2854732288,68,84,57.661747737445516,28.1725611031615,347.14344444640614,1452.6225499335985,11.095500086495722,579.8176174225628,62780.67162240214,12.14876989875908,8853.317124030411,13969.86990869312,544.3274720383531,387.7742253971445,0,1,BENIGN
975181.6183410656,77,9,956.6825641180487,31.887122330452446,753.8193675289489,921.8553727136255,10.362165966524625,675.8456532292945,16405.674598412144,22.380199828263507,9082.407095839593,57543.141915880056,92.92753301660218,289.86469356150263,1,0,BENIGN
116612.3950860051,81,59,1143.2649210278557,24.172725396611327,199.08950033373236,1118.8919160611506,16.321810688602703,428.17274901601843,89774.30526329951,457.9117379857516,6267.397876976392,96175.53166887241,383.056323113838,280.3639490963451,0,1,BENIGN
736948.3700767241,73,32,978.2453092893477,2.946017384213677,44.90157665317264,259.9555534445253,16.91626527415677,649.7814392262843,28250.371110795408,625.7106450675197,4117.454813173514,23440.835878681137,430.82780685497255,398.7322451863116,0,1,BENIGN
677247.9135474478,37,84,295.8907250918495,15.479591473455553,773.3195338431397,428.69268583455187,13.438665761879381,290.2239454787193,48080.85309707497,843.5211882389043,4027.204689580954,80616.73492366385,127.40920316872823,447.4536023410566,1,1,Brute Force
574872.543853005,34,30,1042.855193144902,15.74056050654483,628.1629884147854,1462.5635554391974,10.84379772319532,574.3017485688389,92854.01837427617,686.318133940781,6814.283891456153,22385.01918282981,446.69895224296664,281.2614218022901,1,0,BENIGN
33740.458161507704,92,105,356.0318538900429,15.300568978891906,483.79697943526077,599.8155436964076,5.726776855385287,413.6624554090499,32467.02017578516,864.2019437185802,7758.492831857405,19035.606472446605,234.00480211716257,173.83833665725,1,1,Web Attack
301690.57501162443,2,111,1333.010639313789,28.078151093143457,578.3756157631203,797.4443317443759,33.61216166312559,233.3628519836887,90744.39202453522,636.8121774504637,4392.701925910332,98219.16844252155,1042.69608187927,386.01050641584976,1,1,Web Attack
743013.2040756732,21,78,1385.826874359466,6.487267277165167,145.65220010085034,863.0215850105099,2.2685438653244283,544.630015018932,24150.03969775042,119.11467528527704,4100.863539416865,46600.303140292715,254.35274484152103,20.767635478066094,1,0,Web Attack
874212.3506239615,1,55,806.0261759964325,10.536119552255393,324.72174089817855,1402.8250714494634,14.082990917825878,317.6629069355284,21018.64299192463,960.022416184053,457.03086930362315,57043.50948433572,384.4077501490638,126.45953838193208,1,1,PortScan
953838.5884777708,41,45,229.5161156521839,4.39111580229568,532.1144303472747,679.0560837684392,3.7793550071585447,602.6770748386319,79952.58420913611,725.4430892233727,2030.586168063289,68980.64784504697,48.149330199732674,152.5560698392046,0,1,BENIGN
780910.6672641947,44,71,1302.1813308330563,37.04928277403259,289.541701936618,368.0539579993195,18.57052123103933,176.2880310726903,88411.8882254757,338.0567010277617,5765.956147540362,59476.00239575343,431.39078906288125,78.26285471154915,0,0,Brute Force
511153.1960836331,4,46,1402.4187268628252,19.510350505109134,517.9510485114417,977.5916418108025,20.19820502369203,147.9367535320768,75200.16045334078,581.8276565399799,1195.619346421261,70035.19364367453,574.1000782129328,274.24322304795754,0,0,BENIGN
51019.01521593829,29,86,908.6048715061646,8.301205416512087,198.33297169128738,443.27852602598676,28.468863669089504,500.7622082846025,84591.68834716867,295.7290059859139,9121.5599182843,74373.179136716,340.2088692104097,47.63103281272796,0,1,BENIGN
310432.3395464909,59,123,316.79983940266686,32.27402404555062,249.48961498413078,522.1770426185292,16.573924337265066,369.6334926287034,41192.944962460664,503.79332100519116,8146.983667367869,81930.31122379478,970.0769724902154,50.562419558243754,1,1,Web Attack
124811.29767525276,5,36,104.93291367977308,31.457736156871974,733.6627056592489,750.7910221184598,32.181672040491826,576.8720049661736,79583.96568812938,766.7985220060359,2061.625158549932,49960.90542537741,769.9147822160533,171.7664722907458,1,0,BENIGN
461665.25652401085,29,23,1231.1251899194328,15.768326194029969,65.04517308712484,1074.8571950368007,38.2466713798954,514.9898542100169,18922.606406692787,248.31770792789223,9098.409679127428,1366.073939491019,457.04746575219724,79.33882259697789,1,1,BENIGN
219360.81946355372,51,37,525.0253940089879,13.81939965062152,384.2851784070289,1357.351121561017,27.52692128106732,86.92977516751105,4022.2659115537535,566.4325906540678,8871.735011654806,32331.915085299108,228.30658996564802,374.0955226565396,1,1,BENIGN
149386.26902362675,5,61,451.4101528490754,8.273557387277478,778.2980062352914,67.17208387998974,25.04225353717296,433.3751069053331,32392.798466253786,887.599953232765,6704.924149617429,99835.45158880942,168.17852908812887,43.93391793391438,0,0,BENIGN
416845.31286879926,46,57,454.0439788401745,36.60973240110729,391.80984318758465,984.7222270669146,10.57630856223803,158.57050017788882,86958.74837173912,109.5952299021119,7742.472844612556,58102.620764624975,694.4647140759251,358.90920604908854,1,0,BENIGN
13172.31224348674,73,22,165.5799079351721,17.15779991241319,123.30497407899468,1435.000518140306,20.922718296309114,734.0456688102489,2334.385674280008,637.6895185535097,3076.475474246936,43188.581306563974,703.5464203631642,490.0105473793724,1,0,BENIGN
688758.076186831,53,135,861.0558179869665,38.43025139965882,718.2661481920496,227.7439421891512,12.43159708406922,224.72802554950903,57252.72267242068,802.8191515627747,7596.520354399943,72677.64573702484,487.80195833856783,69.81844081391398,1,0,Web Attack
147619.5856256573,2,29,748.1768954193901,24.29715043684603,161.7556133406145,1176.6909714708463,11.973458287574612,200.37753801751865,55873.045769097946,410.3725962801736,920.3656586917814,88007.46919283342,407.3465041755512,179.63188736279878,0,1,PortScan
712593.8213705875,4,62,1374.5388339276415,32.96650155648106,166.7019648288649,881.5262612988602,35.873093163477854,642.7290151808027,96259.02278806637,231.37855677890002,3680.9217349734754,50724.11688293295,216.82856922072136,197.02262759440953,1,0,BENIGN
256762.14992071036,15,32,1081.5368584331927,14.46207706144532,207.40227641967917,780.6932578041906,2.729972227409907,741.78902080198,29517.3053636107,886.4757017490438,4981.224452593223,85016.54826608695,227.76897500012984,87.63530112137651,0,0,BENIGN
746220.7297646501,68,61,1132.3628405953357,36.305850639533205,786.0452077783427,565.3218368122048,14.701033385621848,785.8546799564895,86166.66021677403,45.1874627141869,5738.765362402939,18132.664707128348,795.449527430846,69.46150618548685,1,0,BENIGN
93707.0948188591,640,36,398.8019661385632,22.90495805170018,764.7162080084713,1114.146596773209,27.53345393519575,613.724820253679,32318.368279883198,14585.586883525917,2336.21896695469,42815.99606306626,716.3459010632649,9.485573245375855,0,0,DDoS
198669.75753196003,61,17,43.643362257210555,33.28353270723323,239.3569999549417,1331.6930582232071,27.659167289663166,546.2993329664484,36595.42436016785,59.49703359338191,8302.430251073718,17098.67047970103,322.9165678400117,300.17734275454086,0,0,BENIGN
140702.2952465957,76,72,1299.9915069888334,1.262381962453345,782.5308372959197,329.8518879627046,4.412891875163125,478.49845763036427,8090.597198275593,602.4930178372786,8507.760181687996,4799.323166527809,647.9001394416936,197.23872049105933,1,1,BENIGN
918772.6672398568,28,37,1305.5028691888592,21.769784839344585,69.6826959004937,718.135172747314,32.69798057905203,591.9141186057163,48929.36352670332,860.0638747082475,1212.4439701844947,90995.00592870296,683.295318447345,354.138412828618,1,1,BENIGN
675194.9128547572,25,60,1253.4872556517776,30.803425984819327,778.1116716162276,1494.1221254313891,9.629781878855162,724.3419894919917,9542.098584871906,709.8292289431591,2208.792882878754,30038.112580687048,759.2040950250517,131.57561836710596,1,0,BENIGN
93480.63857273056,23,7,951.3263071526427,9.917805750163247,268.12828699047225,1074.7455351654244,4.111840919254761,379.6478697706657,94179.2795352342,397.0319652479836,4347.6682694946185,73823.04831769282,632.0487567449636,384.80319489026226,1,0,BENIGN
982255.059304536,98,66,1284.1227943789547,18.16502303408167,701.8858024417825,362.41532196689894,31.66623341551321,180.78111037200117,81554.66414677085,614.5676803507305,989.33248234012,89533.00234016895,479.2474685459857,328.1241390685573,0,1,BENIGN
545246.2150800481,68,109,1436.3726483794828,34.69135543556448,592.9626619201794,150.0610117798826,1.9619955307955106,676.5756713043854,49016.62020138266,814.6252237064834,3136.0535238456414,39771.00933371805,858.2128619536024,457.6633684660466,1,0,Infiltration
793033.4236068773,28,117,558.616256632077,1.8584590888763852,51.962864448705666,736.4289444822845,3.8215858198924213,187.4413789555619,84692.0432327137,571.0712884113274,6339.988048288473,18756.058289883684,1004.6744570780381,433.98988621987377,1,1,Infiltration
844844.1420920863,35,79,1111.7508369126979,4.215738958034532,245.835388648706,137.59694093380705,0.34724836905234646,160.3152438517717,88060.66954642932,239.9500716301479,9701.8380862913,59733.127046125,330.474675903547,248.5654017421064,1,0,Infiltration
847280.2574065734,83,128,1423.7530059425078,28.842604292115492,102.60975153617153,1019.1311096366105,25.877067918627418,206.27944681376343,75868.82533075681,87.15599684263582,4899.5573605001655,1002.2214842371612,1164.360737340011,375.7818158884547,1,0,Web Attack
160646.32157039546,86,43,125.98863512446414,33.61626622254857,756.0692175151547,1027.8767964971978,8.518618000057367,313.6684728182986,47776.26349341223,604.6643097250335,6689.944267218757,55425.929384735085,306.9985798246104,445.45864028245154,1,0,BENIGN
775587.281983634,72,13,1069.7894165444998,32.788464910133,542.2317868805596,58.88786272201975,7.20548108528825,300.00593995788256,23445.634560240786,962.6558750134046,6519.4232019967985,29704.126025583515,746.5700989857387,370.29709973809344,1,1,BENIGN
199508.91541812633,42,61,795.2528839995069,35.84226749991939,303.33982597280425,1296.8287405223145,2.1554739370865583,786.3886413184589,91212.23326662694,363.2666244821773,7749.474431492628,75228.27006811787,724.9536457982281,153.62749056440555,0,1,BENIGN
778601.5961898025,47,75,1274.7588400516981,1.8781615692960596,634.3551902518725,341.87815477320294,11.444836312951487,414.84328113265116,45028.476656890394,520.6180498591939,5452.3082007635185,33159.453826239376,259.75936483941416,384.240614643653,1,0,Infiltration
644732.248679283,4,41,675.9876472232525,39.015234958696475,622.2635849707559,501.09903417399624,24.774771323677996,77.76598346210899,26712.852170434875,718.4186505546542,5705.234760187366,46972.58856914746,565.065805612132,199.22944540991298,1,0,BENIGN
902138.9793740322,15,6,637.1358906978888,0.8888576304153073,523.59352719144,1122.1438645629823,11.769743043370994,402.26463971087645,99186.49384524608,576.3853786803005,3517.2383075590506,62752.612775246904,176.8169532167042,99.62618663729,1,0,BENIGN
310858.30027782253,55,87,1353.5512256053053,31.257955588760574,73.27577970910494,1051.823316591619,20.162459307359715,401.4201599218092,69186.68084587176,196.3124230144222,9815.071749980581,64534.19996194218,317.8986927050107,300.1011040350806,0,1,BENIGN
2831.4319023723574,130,82,1219.6476597066444,10.116776532558722,449.9511905727897,811.5996189461123,16.85824185507122,213.60906689226368,70352.5004995544,5048.728911546902,9111.147114194591,52854.84409893908,701.5635363560726,145.371360402082,0,1,DDoS
766853.6589731927,30,1,726.1855296751368,6.6722928103829116,54.157043278538175,1012.6483399672911,23.50873133601673,513.0453955729397,25574.67562688929,239.3535351368177,8304.660149579784,76127.66273179738,295.9604880394341,318.9028579878402,0,1,BENIGN
5905.680283151709,81,97,551.5728080005117,28.735131391047062,322.26503709599973,925.1236667192618,25.871297600240744,347.7945058963318,51327.25458066071,726.3407405819764,4768.289634261672,1407.9087036658066,74.71078457716797,330.6554250246968,1,0,Infiltration
310469.26190297015,1,31,381.8746805484338,39.5659964266669,237.98490143777627,647.7419255600752,27.245158052972126,705.7734289345898,5242.42083830694,301.0895740595187,569.416862116496,61835.125006804585,93.22085325989423,332.0393689210366,0,1,PortScan
416928.0963861009,93,60,1067.6489282518398,31.666934423106987,634.2699471813404,191.8409867124726,11.143321891966034,237.66470346369923,93465.26941354228,487.51782739294055,1119.4607556731737,28964.894813942574,702.6452528725183,423.53318908265663,1,1,BENIGN
641376.8273938475,34,62,203.69410523754033,26.063704259228988,503.19477036091934,792.8371264051425,37.05884818238632,436.02056903905253,99052.46003347624,509.2778909667262,1167.3618626306622,47052.42039499229,178.56985954185416,298.56674260871364,0,1,BENIGN
97793.19738637992,27,53,1035.9038950395397,31.6147289946035,771.4090486925496,257.2510764075464,21.296813421332168,471.32839932691815,92255.40572471988,627.3139129324546,1463.6413599967577,43640.76888307929,537.6195216647504,350.1422160346487,0,0,BENIGN
951546.9925408228,48,74,1476.292716470597,34.31068371465634,541.8073148992502,1113.0934303860556,2.9076802367518573,71.52469579978381,10266.403075481416,87.45107868267137,5478.338522359657,21552.244271307794,693.7562842771122,222.87431153403608,1,0,BENIGN
31992.105362581715,160,27,845.677923732409,37.211992617331994,476.15000898159576,395.4844158444985,17.618092612850482,336.70410015716675,4752.290039257483,10213.815686884114,1268.8038024704013,84225.98176796666,457.21181106488154,422.3032413086879,0,0,DDoS
100519.29137412299,32,99,1201.7909233726848,31.10632421043164,108.49769060381331,302.0914653340547,39.00653519659074,202.16131943802372,16988.427683723326,362.41538354759695,9134.428413373555,47624.584421019994,1109.4654397615586,167.16939020761785,1,0,Web Attack
615515.3425728624,69,22,1232.0319700119387,30.862806819381344,303.6541234818819,1047.8227137030317,0.0019249557724698718,748.1662173941589,55083.28520730645,620.3768301755932,6649.947541255596,56141.28803166449,691.140554529992,304.850916075772,1,1,BENIGN
171205.30973836855,82,86,1035.176147605274,27.969559777422248,788.9661304344173,149.78696914598555,17.143704283806855,221.71249866982754,63079.60382489435,806.831002579697,9663.443981835202,45465.06473440246,637.5258552883791,458.5257960201898,0,1,BENIGN
607893.3656926806,26,19,1481.8285901378854,25.694392948671126,714.1106959827118,332.5100712189601,9.843144198088671,764.1945857924934,13610.01401193131,191.18732744966957,4211.280505209316,58962.5329324575,498.9010864158865,145.9880043327822,1,0,BENIGN
392128.8462470672,88,131,1422.1178050933331,35.51935415932447,624.6242081733467,443.2660636912052,9.662380288656056,677.2882642461743,18213.615860602025,605.650746355895,4394.9101363938125,46803.9668645669,578.1794788813964,449.9750733618301,1,0,Infiltration
835029.1703081258,1,60,981.1773296452698,36.277840125946554,470.4501684637576,1207.6878395317551,39.229709009007905,576.2318335774307,57375.243812517445,37.58219853062772,375.103420356333,56548.61892417668,645.8769944965846,219.05239482378812,0,1,PortScan
284532.7125399523,38,97,472.47428201149006,3.8724822638057255,435.3942443062046,812.0401332334732,31.88671088901495,775.9225967363974,5624.538564202005,591.7303047957346,6815.972517844851,98580.27706134469,1134.5528442756793,356.22538235598876,1,0,Web Attack
384238.13754889695,48,34,880.6402816450845,39.082074378169416,780.4784021240167,224.63945211720335,30.849466664713994,650.1531136301576,36937.603953234335,658.6293216703524,4886.713187989445,22797.030840015574,618.5608537309905,131.37635390620656,1,0,BENIGN
719299.3766583254,29,89,687.3249520648425,24.182514675600505,159.52021990797635,1351.3046788536087,18.60435824943724,318.5604125983427,12756.391829628727,168.0374089469775,9204.399535999462,45667.13716963823,588.8597787130382,40.25817632926659,1,1,BENIGN
300033.45453640295,94,121,1412.7198923011417,28.77290215218881,87.36738181189875,592.9562350002407,3.430910243491536,694.6013731113724,62204.10385024118,956.3861066594023,207.36572856621356,42314.50611169189,178.97507348061,175.24391130995636,1,0,Web Attack
819280.0785215568,95,97,731.5505451501948,36.86332536242106,799.0722587692728,405.93603253562156,37.42272683064401,238.65539740877938,41411.49704846097,877.935819872104,7863.899288193239,85750.18084680129,648.1950762713825,117.53050250502068,1,0,BENIGN
459764.99735152384,43,23,501.020636468749,34.305884856887474,722.1443915134846,930.8235024927424,19.930690280030113,581.7581629934682,60924.43969719801,983.6766388471788,1908.9870337203906,44909.9821773857,737.8627817370208,457.36852995426216,1,1,BENIGN
814976.4716961532,49,2,1168.8223831515947,18.500945256423613,194.95178067198822,75.02453492010042,22.365530753590086,162.39509595000806,18795.007138922363,436.3620003940686,4426.349963654589,27445.96514966847,140.26087840183604,472.4763759111688,1,0,BENIGN
304937.5058081855,3,98,638.6911747787129,4.961739969374572,47.79838158741649,1094.0464210728062,28.580043702714008,357.515590198053,12718.169231201126,371.6966491914906,5902.925684661138,70397.25475126604,99.46231825004992,278.1537353073395,1,1,BENIGN
64817.53088524745,850,57,280.9545025593218,39.89529975301478,338.03905798333386,1095.8722083807684,22.896575118919888,409.8681489267185,69837.72933628548,7916.285496771456,1269.838713554696,48894.44937829276,436.6560617185621,100.9510766999696,0,0,DDoS
409286.6713246893,96,79,822.2631034329384,12.305504324003586,411.8471151818238,367.9406980289748,2.15100511794863,632.2122548225141,64144.51976756987,340.8052817754418,484.46730457639904,86558.85051908513,169.0442037511163,465.371109140714,0,1,BENIGN
741785.3009432747,21,24,406.9136245155474,37.251104245531025,89.63292226914702,1198.7600765462473,17.426600828065308,175.1963748082501,8032.35521475769,389.6085591475482,3899.3459780479443,23003.43885685547,203.79170274816056,199.75714902340803,1,0,BENIGN
868772.5107890952,99,37,69.83242246442651,20.76396967048735,619.4629849491735,122.3648877009951,16.904315170964264,382.9197088757509,95406.643188344,475.73638538758206,7501.503623995401,30297.175500453195,632.2730549032079,161.3311832486703,0,1,BENIGN
926370.3331210695,41,80,327.4260404757785,28.229709847900153,478.9590215102962,407.2358300058647,11.568035499640192,319.1552090625967,45089.660238099816,818.0455205204528,148.0166099549061,89802.9939239357,353.90060483996143,115.24875878320657,0,0,BENIGN
4484.774397168415,390,14,1150.7113338724391,6.647291372936772,167.58988556644618,337.5254496296802,31.865148482692152,246.72232250770372,79613.99022163001,10811.396131059102,7674.041588416369,55371.76743754429,295.184363400961,455.3570713290291,0,1,DDoS
637464.733527632,13,96,562.8496760962342,16.95086987118087,281.87515100117173,1499.2964718665614,23.202578159375573,109.96204403407134,51958.807651793395,50.056968475372706,2893.633962646529,44601.65198645856,446.04556981745304,488.0906998641274,1,1,BENIGN
538178.8594956129,81,63,387.06071756902196,30.022523943538864,707.7504823357843,1007.2315982117696,13.108133953804755,741.5805626988351,88363.65735804947,715.8537362621581,3643.044453237359,79191.71727585599,280.2428259416273,126.47642566678535,1,1,BENIGN
804341.5092399777,73,85,699.9386101732068,12.478000367432642,690.4845799943921,868.8898587722881,32.53019804487596,410.69281927394377,75420.35365180882,867.7542845658277,3919.9863644352954,1366.821294702552,350.6162852638363,457.45752054220446,1,1,Web Attack
325356.0854039949,1,56,337.57527306992955,33.87693672439181,253.78404460146612,1197.7589516398234,19.552236309397678,595.9769987293103,38200.62754104923,347.2058830350665,841.518239360373,3539.8724288618246,780.8000799157056,324.0897791326867,0,1,PortScan
966297.7002851743,97,63,646.8084264883847,17.472712825230168,654.9653817405417,485.50407021593566,13.249060651798539,93.57551056795161,28426.247850128897,716.9900053157014,6351.221626402598,8148.594859909326,127.16735800723507,188.462981962554,0,0,BENIGN
29445.16121143281,41,79,659.4223208977195,36.44531243161826,421.06898385917657,433.7631172586983,15.601882606553792,371.69017553600787,67032.58776557492,41.18367418912847,3900.6221136132594,64658.998145075995,255.32495967694206,295.8755033320771,1,0,Brute Force
917970.1845032863,67,22,271.47874665404976,33.625717790928505,700.6550214981554,175.74103763086842,36.34875712059641,247.70637871402195,61900.30637226474,68.68663105885496,3812.8044002707275,45077.953664362736,495.868192710796,262.63598570723286,0,1,BENIGN
185104.2747100604,87,75,1081.5918289149806,2.982075394809285,406.9975065556503,746.7175539622225,12.401013238363653,747.1372436769502,28326.08916609154,288.5131080430227,2350.656642594974,14587.3456417041,474.9726030972362,340.443630000215,1,1,Web Attack
395248.2682854108,38,47,1463.041353393052,0.5733007714571414,770.1159168481245,1250.0690513192278,36.48299044100546,334.2611415844709,19800.479685218226,606.5030388070473,7415.099195457703,13094.798021802808,646.1923511602458,104.29666000627897,1,1,Brute Force
411719.93905946944,85,65,53.510723516766674,39.05079220131809,514.5385008648402,261.69143064210243,1.8704005524466494,448.9603005050162,23565.52758058483,301.23542044755914,2458.870326696791,65020.729634115356,460.6820112082615,38.98721176090575,0,0,BENIGN
81286.4713612423,2,7,881.2033442252257,17.866708978456618,546.0464632146761,1256.9442255842564,11.29994200691408,121.72055327603603,43358.51002010011,214.5984208244474,430.11163421981394,99104.90679816702,476.33279126825664,346.80011142337185,0,1,PortScan
49971.7325052263,990,42,816.3443881573764,20.652072835050316,54.75582550618988,452.40507627814713,2.1274136586859793,724.1176111002181,72549.79396223502,19922.31117351786,3028.690920419826,87849.79991721346,498.32124362868615,226.56270345180246,0,0,DDoS
904150.3348294095,1,6,296.0698890614743,27.84887660019468,782.4996036713945,1134.9344476119538,11.383229561905956,359.1661223523171,38493.33178229134,852.1098085452408,771.5994080933516,58901.653721804396,248.96892390164646,468.9942638610281,0,1,PortScan
149087.4046006101,23,15,984.4906550087036,0.6249511134686214,176.97982204463707,1397.6987677985273,26.543104936348524,272.21884680964223,4625.812063710744,586.0902035315858,2236.4344358254816,96017.94211744613,562.0903257900019,487.061943173053,0,0,BENIGN
669596.1913393781,67,83,884.1405832274298,2.459500038728768,397.5391985439596,230.63706294849428,28.59387100840682,557.2779758845776,99291.52838600613,628.8469208139284,8003.378044415577,26836.102210374367,298.4183428249446,458.5121261889186,0,1,BENIGN
25410.228981378197,760,95,1334.674921761249,9.231906195786257,576.6542004160257,614.7931719603627,4.7506965176247995,620.2301141655984,16796.965239515204,5059.419677260446,7831.590988378135,74215.85723460751,233.1791301937402,470.48230717318364,0,1,DDoS
737926.0819642444,90,106,230.30984172722657,12.820398206384546,187.24126871343702,947.8857962812681,14.274206125518267,264.2055185453313,75737.60585266538,230.67637490669804,5873.024281080791,19467.663321426327,874.870412815729,312.5607418762983,1,0,Web Attack
210184.438960071,96,22,1085.3799157619517,26.156854797030057,618.1089250073422,300.1261793933439,23.484134202521496,755.2701598749487,61117.34855347332,611.3752133182577,7367.032024711557,33327.09117026465,572.3616850043709,458.11691665660754,0,1,BENIGN
218696.4694257332,39,136,1284.4277893908513,32.95648509826516,717.8648833758025,1413.008517243488,17.886278270870342,538.8364962087653,39108.79620855806,350.7816458204166,4321.6381518707185,74310.18271691976,631.6424517413702,407.02983722417105,1,0,Infiltration
630275.133290451,20,76,706.6783241606668,32.73492215479579,456.1820694243543,1333.0078622500628,28.512223695667615,460.15840666068016,75478.34381749526,38.44521602031476,280.5657117337953,8344.099198815999,372.5496471118284,117.72507281347156,1,1,BENIGN
662449.5045065504,37,60,509.8234865379088,13.418476565646236,571.0391359142285,731.6110632263903,20.707346101202976,489.92226644110247,76904.28445819789,90.46071153762689,7770.970383066028,56327.87453682923,548.5125380899955,163.77588242038098,1,0,BENIGN
979302.0674176635,58,28,1494.272297063033,19.59143912245065,207.01096093189116,780.8804992358108,1.583822871963112,727.625049080683,81873.17009432467,725.8479386422152,6102.168887270176,57987.625024699606,797.5134427003918,138.99871700996897,0,0,BENIGN
975882.9557045093,81,13,1497.8466649648053,23.532999778497853,195.45340773415063,775.3830721143114,28.444445362022982,628.513893498007,150.94790269276245,505.0765857934438,2359.993453906759,87492.43420714629,156.20813747817368,333.2281247874167,1,1,BENIGN
940565.2048307691,40,6,178.70403226147877,2.7713960577690333,423.50748367559123,976.8987641350604,13.091745742835489,564.5974037627415,6197.268485466457,857.3489114583846,8167.506425294986,98549.77217649465,751.7437854854026,178.09858195946404,0,1,BENIGN
134169.36367778768,2,60,704.1342156463338,22.080171195412706,200.48195717169182,78.88226289459331,28.774233270020922,55.20392496388807,97342.92063194278,221.6850960167212,664.2361920241748,43480.82510673651,85.35213385620148,236.09180331723374,0,1,PortScan
231131.51408355334,51,2,262.8863298546971,14.660470222356224,191.2737627867109,366.2425657890097,9.883515392128462,526.1497134255651,7697.332082133627,572.5726206364217,8194.66950047819,76654.71242267704,154.89049069456735,457.3658673894026,0,0,BENIGN
737399.8961762321,81,39,863.3549836809509,16.17304491397915,412.3735340086187,558.5426394304344,11.173240741213624,552.8199114574783,77876.32732710314,873.9697270350702,1561.7463735086985,82287.32380928761,233.6486266025683,213.6681949550253,0,1,BENIGN
197143.82769091177,50,77,829.760107796652,38.17543327725087,628.3491510035884,208.76411617128144,22.325563951680767,351.26304746069513,79514.07011540029,44.75856755404624,4113.128463924657,31834.448771195155,147.30134828058593,189.402057659786,0,0,BENIGN
580048.57469483,15,59,897.1822455047286,21.181275357768218,128.91105911861482,358.94565405557586,32.002683050039565,421.7977715812597,70637.02395204786,569.9520893047404,396.5156424573809,79623.41476409987,88.8863878420776,471.58702557928655,1,1,BENIGN
63681.68366153995,93,22,1470.7127716646144,5.851700108847595,264.797772295075,63.17665581901778,31.47861967869826,276.7128928378736,58924.86318724894,39.314579429886585,7157.448064080728,52945.10229603912,590.9849869591147,394.78215657548196,1,0,BENIGN
649979.0394782337,40,45,1201.572034724296,39.898333153583934,776.6453918456773,1175.1931648667578,16.72430891145686,296.3483783584168,6947.725330173097,416.3446751213152,1568.9254913406721,25440.928003467783,717.8339476147868,484.2628157556095,0,1,BENIGN
900904.1188144994,32,63,979.7485162059852,18.49867492401675,763.3964509167745,526.4905757137435,21.095106523922542,97.34195096454434,85237.23554980788,413.4220596043503,7008.315834764054,68227.74064863133,553.9597985540275,253.4691393787205,0,1,BENIGN
96179.5324660837,880,88,198.8016180685138,0.9274960634620033,419.21823122153035,1172.7108535035147,12.556102126688291,572.9410912072129,93198.93429745703,9180.772169679509,2449.1549657439123,91776.60862940391,398.9206126428233,203.91965333755502,0,1,DDoS
673690.48839694,92,16,513.3668772964613,29.74550662238878,194.2582845385411,334.82323797569666,27.857421461958268,698.6969629439997,24196.962865763227,191.2058624789319,6706.355754094616,62084.044152097544,379.91178335490525,47.93031992416397,1,0,BENIGN
451823.9404839459,1,45,879.1111312467391,24.74952564870531,749.9877758505008,280.3392052975795,21.720969171879837,84.18533597418642,35956.612283423696,148.18368995122503,188.64812632228598,93480.1240588522,504.1187214357094,446.07906659490715,1,1,PortScan
507852.1045100337,51,50,272.7844609655101,27.590185639109958,491.3330413738002,1132.9351609992318,6.02401093710371,755.6200560485559,62134.54613393915,847.0864305773678,2473.6015691655534,73943.89481090217,633.5833352937784,198.71763619353783,1,1,BENIGN
9349.834099203994,730,63,102.61466936553995,7.623612044833039,544.7492555034391,183.55255395426718,38.8736836590716,699.9811191910445,62667.603007432976,16381.510998475658,8876.924685409784,25954.970200686126,685.5528068414828,97.3968918188009,0,0,DDoS
713919.573977725,98,22,464.1437426561559,24.340763928415612,311.6001961533302,1171.5365812190603,26.06608644602865,218.1451048300392,14678.305061274075,629.0840888876917,4510.168603770529,16904.014539720847,288.0443960419668,151.5233741592933,1,0,BENIGN
763672.2690491629,88,14,1246.3853928085343,5.102741888617253,371.06501194489016,929.7460513408248,27.040062437676294,568.7975928818045,72923.64616707832,651.4646692147971,951.3386085192678,69533.61470345363,590.8348191485345,496.7399671668136,0,1,BENIGN
51486.18088529538,190,13,1495.378752463291,31.161794807897284,505.5002871719344,155.27404732008955,29.0695652691851,578.5067921222823,77579.25796616223,2492.8586572129875,6540.787676260174,29579.43325611795,617.8061449861536,120.1869770157331,1,0,DDoS
9093.393388149394,37,83,1491.5811078441554,22.6963174121408,172.08913159837502,278.053029212711,30.554310324565535,489.8726358167863,54922.51250338302,465.8183468081863,7254.094919550999,85806.83735884448,270.24814170868353,110.45888358794531,1,0,BENIGN
348222.6244000718,9,70,370.12736014400446,10.179636307865234,142.549340649839,911.2962123081961,11.233042746450227,507.3577148600075,8394.931716305553,115.54524643866728,5366.057858691476,51157.97913815664,369.5213164811931,413.5654258102712,1,1,Infiltration
555556.154901795,53,21,1411.04102046756,24.716296964745943,709.8571589640417,231.91118430639014,31.89795680305241,130.55262703917143,40860.22212660391,323.8861527048192,5860.062333952338,30158.438378600957,524.3583585470208,183.6936445759789,0,1,BENIGN
21537.676749171398,430,82,327.6098615248532,38.45298872464867,226.00539485511086,401.2676837131536,37.755915610187834,724.683129796339,24966.197229673027,17294.78193922075,2505.733898730308,8455.571843638916,663.4746247808271,385.7790789076431,0,0,DDoS
206518.24058870005,40,8,1448.531809815943,10.36008287177966,661.8766887869414,372.7816797122454,27.184015673003344,103.54623646396001,58571.03447418778,269.2629722055987,9259.201027849233,28982.19136900757,342.814928095353,420.33955557729047,1,0,BENIGN
547589.5664622077,58,37,672.4393135267926,5.315539568194705,331.1460539670328,1433.5336943175193,2.880864814630888,350.41833106049506,64838.076514622524,78.60987443920166,3456.0759445606504,94058.42961048691,63.28312607666888,375.87093975297154,1,1,BENIGN
214792.89808286028,54,97,205.53583602622336,8.487890220656116,512.2299177943414,652.348716189463,20.166974817515992,763.1722506777234,42081.5227728782,881.6938276146875,6610.839739419127,12170.729676768482,605.825347852267,260.1045369781574,0,1,BENIGN
557376.6915082762,33,27,1453.5375498830408,34.18880545642373,196.43785811640993,1170.0284230280324,0.33167232606582164,138.65443048550944,20050.07156502169,597.239632723872,1954.9032129388652,36533.64147411036,224.51263442798043,168.70831218998165,0,1,BENIGN
685753.5340534828,90,102,1074.3338548917734,30.866088016756336,601.649685143231,159.56309117200703,12.41173677147096,301.0078501602098,36988.52196759911,344.37934727367684,7873.052051528773,74762.99074175899,65.24434529762304,148.19076174735952,1,0,Web Attack
71291.17465608384,45,69,787.9123761453,16.025481767521118,746.6802951616168,1126.069341976053,9.652065690198558,485.02346236310007,68900.04617802362,140.24240605996005,3590.6731663776864,90555.77267757556,471.0515561407531,108.49887303015842,1,1,BENIGN
547730.9544568412,10,45,140.27964188030754,5.805587730645625,455.168103968557,130.25091301290277,35.23635059964403,148.03124154695274,67424.59542104519,391.2643213702538,4003.879597947062,76491.30396582827,419.5912219714146,362.8277318219332,0,1,BENIGN
760738.5564068772,31,37,484.7666455228671,18.180000468816402,111.46336858201232,451.8647763326096,25.3074386973003,205.97041899480627,64788.913160292184,923.0398675795926,59.35364699952278,78579.21426578854,527.402348924023,23.31638136689612,0,0,BENIGN
265893.9586685526,75,24,1068.4704581454891,18.178540273658783,389.58351826856205,1017.9153602079465,10.17555233132196,611.4362416479029,15396.04173748277,395.81103022545915,6563.521003624471,82838.61703294747,641.563614085442,360.8427996538489,1,0,BENIGN
216912.53427122132,51,23,977.8056260144623,27.261189244982198,200.5138934252776,1201.7196773519906,19.166728469925335,447.6281360487346,54628.417964459484,286.8777564274939,2508.8397023270527,486.5653868488248,341.42385996210425,242.55149196953275,0,1,BENIGN
923997.0134574715,37,4,575.4122075872418,1.9344986238104722,536.3836722217737,1075.0272841892056,37.15164869159062,295.9900425195739,25811.13611483552,726.1138949205136,7070.940875544849,93713.03454476016,196.0421544172958,352.6463113472676,0,1,BENIGN
119478.83818798178,66,13,918.1414720698613,1.953317345189145,282.9095451644147,616.7491031240589,9.922410780518579,69.3892334542957,31950.307420995276,792.6456389606834,3607.4897950305094,32343.741825882986,755.7323848128043,20.81535935725065,0,0,BENIGN
944468.0612597896,53,52,1073.7418120280618,2.7974145756205937,745.8670434437496,543.0322935259452,20.96018303137146,145.246022659855,94561.23133490206,673.0031068895005,548.9352935927611,15529.125850136545,343.87383820841376,108.38550619213588,0,0,BENIGN
658682.8322800876,7,114,1077.012135356229,18.387611686451546,289.4506525698183,797.9927938915422,17.09244167149947,785.2108929973272,49667.023881118446,811.1320215855056,6671.526488275526,47967.92744937008,600.5310826116231,170.94505853101882,1,0,Web Attack
918102.9837212189,2,97,1391.4833011366281,9.292168722331127,442.86011750766914,541.6881143456212,4.580351436490329,80.15716496621597,36598.11856120832,47.43913016298501,105.10223110031346,14238.334904010442,41.45593669603928,76.62610792182673,0,1,PortScan
678915.4785526135,50,75,416.3937188082751,23.444284717488912,282.46072396374564,769.5516611136212,14.96020797493157,526.8208854494765,48765.82174180281,4.7094749795708495,6500.311571074386,42217.934489447674,299.6907387725694,47.073376141611774,0,0,BENIGN
935375.9624547885,24,63,101.41613693414826,5.5526672897328355,100.06483355701317,899.7493097025285,7.464859662673069,418.90380661414974,37069.20008071056,803.895989506485,3211.6914762809693,45831.965584856865,588.1770169343476,216.67560346531965,1,1,BENIGN
41058.80610353214,600,37,1452.1170455296024,26.464459860335694,727.7963717389669,300.987415067754,19.329446249806075,730.5828690822384,32328.94493799762,19353.348634532125,979.8041298318378,90268.09031580093,378.3612127700526,36.87208257058033,1,0,DDoS
22347.900482675683,45,27,1002.3075231736519,39.11245956552779,124.71122608347277,714.4441502621524,7.2254620379013,606.22776591721,11894.084086205236,239.91776430604148,1972.095616814223,55256.45283889412,703.6199099204805,255.5451005782093,1,1,BENIGN
797541.2472180775,17,40,1484.600080804522,8.18025253596494,147.15498275814286,933.0412333404138,8.947685733282533,525.7580626942204,97251.65994310314,946.5113447979179,2318.71921619354,17097.92585773277,466.16185824353477,293.38864411157505,1,0,BENIGN
600997.214940937,1,31,1193.6306370313937,3.180687380985039,55.19444152506598,1163.7009670533398,21.93429697742703,570.9294781257577,38336.45768833911,11.191384275140036,331.68433378189434,60817.44193998503,211.5343335572834,343.9021668164657,1,1,PortScan
988055.6552494398,33,38,1005.1140676789792,12.191559986943194,405.7509746023947,1077.3455483153934,8.42254613050291,601.52106703344,54854.05284759472,96.10783853953492,5577.29040673167,6686.946059866204,50.87353663543276,444.81383495364224,0,0,BENIGN
280009.7778531039,21,20,318.3761282909129,32.707972473904235,541.6889930551171,961.2470851519179,16.728111373708963,341.1731938619221,69057.23465762158,740.0315380551848,5107.029891619462,96927.23174240915,766.3316647783427,206.21474500637933,1,0,BENIGN
511804.7119684188,93,51,870.0310435506982,29.085188740531756,628.8935267746525,987.5140094272524,7.957624601855708,341.8134994598905,7215.280470698593,451.72856070236395,9703.690733121262,64176.65345202516,157.50551114425764,134.28882988771628,0,1,BENIGN
487892.85931343003,13,36,337.78498327079933,5.863936542514243,538.6140489026766,854.8294702343627,33.70561248859472,179.27219315309262,84813.7474468318,577.9533814426002,2669.569707857359,27362.578525445435,336.68909650932784,230.06360833339713,1,1,BENIGN
243257.8304345233,49,83,266.38719326212356,21.60373684390858,101.26457923432535,1159.496499818535,23.396843788993188,105.48668698507542,84873.76030108055,547.0639129152244,9216.707177033046,91663.17113407448,739.5859200098026,38.892600100233985,0,1,Brute Force
419126.19303308596,1,83,1454.1151419718296,37.404669739966295,352.9824417556613,1192.9732039945166,26.1671743613624,176.57706607304598,53597.93867754768,747.7162400277241,896.0163636893442,86261.21105695129,157.5404601409664,244.01662324260542,0,1,PortScan
230860.8441214238,28,83,1204.0786503664726,12.77486665753047,530.4325060533799,254.52947408117845,13.677052183122562,731.0101864577219,91139.68549994082,575.3670462851893,7026.491094042416,85403.00136644208,768.5004208375963,244.94322014488472,0,0,BENIGN
72074.7388627231,59,53,312.5550554330112,33.62286206852708,678.330332332214,385.0920542303151,12.73140612465873,573.8831161898677,73852.76574888547,657.6658389541624,9966.97942888635,86869.63436639134,356.9647493719171,163.4883607709418,1,0,BENIGN
950791.8787783583,47,16,1457.501238224853,33.08181964571319,780.7135687737499,1274.583000843659,34.207832247879146,478.65466848222036,51873.405910179674,406.3136410011848,8182.768001508341,18214.94055167968,82.73093602638683,473.9469113423375,0,0,Brute Force
349665.5437556361,51,62,1342.847177938355,15.40122724931301,565.8502556821757,236.79790611847963,21.632719114230458,740.4952114214303,2890.7868652926036,267.6306059906359,1333.6104014646412,53316.816734846514,556.5282726942072,28.889596031554664,0,1,BENIGN
456287.52525265154,84,73,507.5060309868004,35.88094588131162,780.4336058779603,392.87352856962826,20.56155396850172,446.1106762041964,86630.19436802718,303.9777455681834,7982.444009100614,97101.02905388839,1017.9837841285012,454.57014172835875,1,0,Infiltration
164934.15028879212,81,94,1108.540938258355,17.567237859976824,100.6012351920132,948.7678695408077,2.0752322628192266,330.62589707897763,39427.65587467759,998.9226162124866,3005.022316953814,82047.18925298963,120.61572114892334,264.8829926929202,1,1,Infiltration
81002.42028695994,490,38,1462.483461135247,27.727480151495776,466.7012531563635,575.785505158817,1.7755600482767164,320.5432900527426,49941.396041628635,4230.767268718961,1739.636544825587,50846.57097023811,485.28721907693335,119.95895942726243,1,0,DDoS
473225.94069555163,4,145,805.8284331477827,25.788075952473754,448.59600485707506,995.9939163821157,36.30274248894556,794.8813757904067,70957.75864746653,927.8280196702576,8585.518436290711,29510.7894241481,1123.5151006690605,35.404500026310735,1,1,Infiltration
52696.27543505526,890,63,973.8717855831038,34.787463242434114,550.9279770587999,569.5913745967384,38.3323745081174,719.0757734876712,43452.09653292682,11467.423195238047,9675.516686174355,98256.21058902775,381.8656895456437,423.6750140715443,1,1,DDoS
164905.40080192723,19,80,351.13829929933814,10.922971734741882,193.20162554242685,474.22244954740887,4.403302367734967,321.464382176921,36956.02661190804,807.2867298597483,8011.573572851176,79674.36909730338,470.94729404638707,162.94034343316727,1,0,BENIGN
581969.7121902233,96,53,709.9236537633493,26.204677205573606,681.9681329646429,409.86752413580865,11.211598039215623,712.7258045145115,8117.786186581721,605.4870612066159,8605.949606798911,92175.05760764981,49.642313216980256,184.83298874709214,1,0,BENIGN
632898.9905859479,71,97,788.6332454724314,22.05867514949079,354.87826593228783,255.6087672443205,12.132985611223939,227.70853746038418,80141.84716569936,545.8618399101572,2968.974365851267,48914.39936032139,206.33731115251578,92.56357528660897,0,1,BENIGN
80106.60636620519,97,75,763.371794431646,38.11298867744544,515.0100693281948,1087.1200006458803,17.249479655624285,55.14844701098687,64648.42379988382,631.9610889999813,1113.1720882686975,46221.3497653269,1103.4749969188415,102.54241598598756,1,0,Web Attack
810780.3920008236,26,13,692.7645334121813,37.37601729394106,350.15002359157097,299.4170833564933,21.961197168453506,486.65701816529145,63585.38139699964,411.5555687976802,495.5273945370069,62675.725095721704,749.1029172428986,478.7793142528651,0,1,BENIGN
106127.87700072741,36,37,394.005095222464,7.666575480632312,147.68813711777614,701.2819910372414,0.8770571915569292,378.2344153192977,98841.62874637904,670.1397850426944,7600.263350792043,11909.349017919072,399.556654732469,143.11155051285695,0,1,BENIGN
458787.4538040283,32,67,790.4999937046576,33.2097411188163,215.9044102029267,590.9910212185891,31.6833718629581,441.3342729199717,40271.52682623093,29.539570493357022,7536.320385915938,97218.48597589636,511.41812721126763,428.2706103443973,0,0,BENIGN
14540.660024721956,75,47,759.9389184424372,31.28392588350406,567.9586372508314,1482.4104575815845,20.412503336481592,364.6528401514871,28745.294974985565,476.91360566209534,8729.986066447991,4253.54818191621,783.2040359375035,496.653597153899,0,0,BENIGN
223126.6634251916,13,41,113.1539226972589,19.004438339334353,83.56644585694843,1088.9723535728508,14.877178221314162,191.51719612784402,54530.870427820235,973.7619313122894,6954.359179693998,49179.767541914975,630.4548674334247,368.73823594949437,1,0,BENIGN
858891.6885011061,35,70,248.95595111217423,28.464496113910833,544.1873023843834,1445.7837318809134,17.66065298750993,243.5249396052171,6093.4012288966815,733.1482129277614,6176.604115411919,97261.35738172695,581.2453846507607,466.58073996910804,1,0,BENIGN
150379.98386794017,75,94,504.8278257439824,20.35583068265091,133.0391995412307,480.50809290864413,12.311753895316615,43.10509777318173,35481.45709267263,116.24058486466295,4302.816682827268,19661.708373000874,664.806822166829,40.26267638691178,0,1,BENIGN
458694.7991320377,9,58,589.1193285993971,5.104476199677803,622.0686599956728,1394.7509215407667,38.002704924794585,549.7407447292858,41093.70790901506,478.4121262802688,6573.087312923263,82309.02092566971,324.67102453271076,458.39061239055565,1,0,BENIGN
961365.6638556101,71,68,1055.7878307105138,12.982407779000349,206.46662521984268,157.00929878697457,28.346176189575413,422.6225274415471,57271.5406250313,472.4449347083453,4834.6348713986945,57131.64918430447,734.8391246937887,14.683149734023848,1,1,BENIGN
744949.7748562715,2,26,487.1790105484493,3.5821854697519573,216.54681159934347,364.2555334243414,29.67397669841016,87.0122181110892,5188.264627587803,693.6392336243875,5571.629651911478,41782.57680887191,477.2799893025543,367.6239529843195,0,0,BENIGN
824434.3912310139,66,10,1093.89041464265,9.363916760959977,780.9806675782119,1010.6036069044693,18.097075458668222,159.72076742067242,53368.77813058233,164.85940923843546,4300.6218701914595,40877.16514872449,587.1541297040698,96.1915906121249,1,1,BENIGN
444044.22810607817,74,95,953.0729035817316,12.321014072077494,333.51422265486957,486.44874842483085,23.790806691086285,292.7946452371982,72597.19970883577,579.8291798678678,1465.6090513576148,31033.759181801444,208.30005585171838,195.15660627574266,1,0,BENIGN
754548.2241956326,41,19,1152.571317408635,12.065673858001485,91.45498693537503,94.92443722526922,30.722411387703346,332.9335770577468,13480.87201405482,184.57048662772007,7663.843243283203,59894.211049069585,421.0664062843138,311.5037928122663,0,1,BENIGN
374126.11103333364,32,47,1302.0478157170069,23.25684578610469,594.2842696877592,385.5908912185169,10.562961491830016,211.25534713939118,68829.1598067912,349.10609159094935,4056.790482717589,70915.06956780772,778.5670134312362,80.937656866659,1,1,BENIGN
734987.188894782,21,1,893.154507832334,23.612661459959284,263.76155622578165,140.34036861987792,15.968020698064187,181.95692091496707,18528.873705625756,522.6366121416381,6734.480169596558,7550.7510761301355,479.52426296830066,123.10082172423037,0,0,BENIGN
1614065.8686046344,49,94,1195.071649691425,11.967820245269017,142.5966326912827,656.9414909282483,3.638793937074243,240.06517876766745,37196.20250689188,851.8789880966984,7927.561925519281,44281.001032204316,590.6770438918145,284.3248180895025,1,0,Brute Force
602438.078362737,33,77,97.6426903691418,11.001610572500677,54.80234548820266,562.8773626459349,10.36440070983334,563.0219544480308,30809.951867093572,375.2211487179056,7256.085979313454,48096.9584141062,462.9053277328383,420.6733318737243,0,1,BENIGN
900115.08133121,49,54,1343.6900897260177,30.15824633187254,747.3749186912353,1049.057374663589,26.979095319366344,42.6329509141238,47513.69171463814,200.34857931780516,3247.5737770983833,97881.77524329419,157.47223192184137,361.2432352268963,1,1,Web Attack
501468.56697701564,47,90,337.39723617957236,7.681410961394715,64.44686274223699,521.5366724712105,0.9644669971599651,419.15384278477654,50610.503218458136,53.337962735279554,2408.222147104288,83212.32744958372,391.5340274232785,217.30502079288584,0,1,BENIGN
761986.4045356069,2,59,379.08594374745945,2.655224291174041,329.0013077461239,1288.4429495098025,3.1211465714227193,477.72488709024213,70138.18661922519,481.459072560969,255.92026816300145,32637.68508751806,94.45559446752542,146.29177366934005,0,1,PortScan
36662.12133131751,67,72,729.3278122249638,6.2414579682043225,45.871107352560934,542.2049565114337,30.059542294838245,769.928000279842,43165.38408161572,365.4544732322997,4465.125478250498,42783.211831461274,515.6686730789702,367.07369854904664,0,0,BENIGN
43778.01863914792,110,63,662.9207396354192,17.863271083820177,661.6654459460517,683.189696074759,20.65094491116365,261.5797418589143,83907.59190514132,10446.665035105794,5529.834024510384,88068.73351731275,739.5931235638793,412.09689833326,1,1,DDoS
343396.60605851014,26,36,1367.0726587348474,35.60275833258015,393.6263912952705,236.4588419823807,0.5346248132714981,373.23498122926225,4091.5193424969557,609.5949863255681,6088.00462009189,89894.95539726566,184.43733749991102,185.697121206772,0,1,BENIGN
59817.31664304704,5,99,1227.6436745045387,29.747897201140518,705.6699530467619,213.53730222734987,30.4166697518611,537.8793173682237,23306.094789990173,973.9069951170555,5707.844643320798,90688.72875995956,692.9107819973096,166.5627302613058,0,0,BENIGN
709106.6625030497,48,94,64.86593318848522,23.284307327208893,709.3868026322835,357.62216782096266,7.3302345875624875,626.9302355334768,25583.1344688174,192.0650691338924,3786.112613186658,39256.27620689909,704.3168078925902,309.2217359668384,1,0,BENIGN
953969.8368019416,21,8,343.26466171804947,38.50114826346221,767.5668848806752,298.66151504656807,5.804352685011929,360.02470209735105,5066.857419548114,654.9380419319116,784.1852564008044,5812.382413157129,408.7420715187254,478.89331805505077,1,1,BENIGN
997956.9198307357,35,59,163.12576370952107,27.637675760674327,503.32852236397207,1499.7403614277268,32.08342977487901,365.91576518126175,67693.48367149205,817.8676686579917,5142.127989178518,27294.416359013805,199.68028813764093,147.6407183068072,0,0,BENIGN
286735.49215046084,8,25,86.60369899083352,23.758330837213684,703.9601704215664,638.7222736211868,10.772726454371377,413.6988927713268,71775.96905243873,516.6539024788959,86.31355631147336,7841.672365240512,588.209601548173,199.9756674377493,0,1,BENIGN
58155.76827384467,70,2,417.8922527011495,29.949754066579327,164.61121030173683,1276.082797807879,5.276157553232035,66.78578129331882,39565.03735506981,19588.87395614196,1112.3188556098844,10180.827219522507,610.8865482046742,156.08084699678264,1,0,DDoS
460125.9869987431,4,31,699.2311937234668,30.76388370341215,619.1275547630229,793.0275400036365,37.13487374884204,240.47591786068824,24107.103976811384,613.8450205353162,6216.757371825723,4663.538556101749,501.9110614140422,187.21807867450718,1,1,BENIGN
1104397.2083301637,45,51,969.0940828432974,29.955251186637373,229.2272823359508,718.3831616655516,38.62906493647153,266.56782057951864,22393.009779069904,210.93370499896233,5592.420335196423,94979.21225978757,502.60449819226955,151.66156011882998,1,0,Brute Force
503775.44044561876,72,91,145.58284169465367,19.31440145331384,699.0920326875225,215.23214000708936,37.16683517388689,248.79410098362717,53265.410653583356,66.60174462703516,4256.215472088431,12598.529661852277,76.46007741867768,483.27884671382486,1,0,BENIGN
90640.6345148037,1,46,700.1546982253695,9.0106311478022,162.959324617959,623.9921113418696,28.51011020774783,72.33304854672468,12992.433312289671,106.20284875762906,585.6649028984074,24294.036406621315,166.35716550906136,296.3853598715111,1,1,PortScan
493099.3414224281,66,65,531.8684305595683,39.90022772694005,783.7266944458344,1177.0822360302848,0.8026838162786687,453.0409394921161,8774.958401957148,895.14851215892,7898.466163947555,97234.31425580234,502.3710443938445,261.086402242169,0,0,BENIGN
468743.1982224181,62,43,1402.1035070321645,23.83537353024124,691.4081161611991,1299.658670501651,20.75330703393037,304.0769275381924,63993.429945874894,445.9327541806513,823.5942645461097,37787.13195223904,795.494824917487,24.255935013143603,0,1,BENIGN
1297522.0617700624,23,6,1073.029448788986,17.173709491986227,109.43492035474634,1445.0627612829373,17.292030799367843,545.6958202476933,53177.9126452406,54.767604670356796,9527.93854391546,79255.79723917118,153.31439979674013,490.8244381441334,1,1,Brute Force
1917323.0975497663,35,99,944.2430508698907,29.126964075820222,571.5504868332201,946.8588447323488,0.7742070332340889,310.4890783850835,10097.823539776888,300.32908422116446,694.9624211917136,92003.94935016666,383.010735898524,94.6822238376927,1,0,Brute Force
302369.67413193366,79,141,1310.128378117972,22.368115386009393,714.3496003741875,642.8165236034229,13.757107862083116,424.7142779222422,6243.0179531706635,154.28535113220025,2203.02114090591,81669.56149581932,896.5305828782673,96.65363939197181,1,1,Web Attack
85894.38192980153,9,57,723.7182904745147,16.429778713415676,217.07395993491417,604.4830006320103,21.115855361735704,441.30078655496794,76197.51653103055,358.86197737163684,7170.812312746485,57813.40295848078,1156.5037611605912,192.64246301699134,1,1,Web Attack
1275401.036321996,48,61,163.5889045253596,38.00898422373729,121.27140825676537,862.3206307655204,13.20283201796618,366.68750350028733,61057.28278259802,908.8604927445334,4581.095564487291,98773.07823509104,490.53716966713984,80.27697132108725,1,0,Brute Force
439614.2333968992,81,22,279.4553708471298,37.63324938712043,479.3432702772157,1216.164801110615,19.46001656410854,674.4685944864905,53941.15603304775,4.637259639644534,8997.993080237973,14865.126322392902,382.42161859390586,238.3371644243623,0,1,BENIGN
762575.5542637623,83,64,1204.3843792647442,6.484374217208058,510.5271684305999,778.1678264686345,12.202865499173964,592.9263389327122,55163.71711816068,477.4137908079993,6680.016454564288,80231.00789505626,779.2282804255179,314.67518418818673,0,0,BENIGN
530282.6691566186,91,98,177.52098734138028,21.278840682575684,607.5881446733115,641.9178828125944,26.804297973777395,412.18663291912196,43764.878009346656,290.3276147718171,3832.109209865035,34986.065123134846,531.10225985131,58.009255639569766,1,1,BENIGN
54634.344007189284,90,43,908.6933454878597,4.0600331991111505,41.706738443018,110.35210673333542,38.665226715776974,135.9638532214718,4534.531447101088,6194.264905723886,5885.917600145737,94846.57982385025,571.9145596991301,138.1764844500834,0,1,DDoS
979056.101866066,52,69,969.4272803227186,31.674074510205223,258.19901468296405,1164.6907376773606,17.60737922467743,549.3312459647905,45626.36606852215,948.6153087739642,1801.229624769028,67503.75880734989,478.16660058380074,86.36552047387231,1,0,BENIGN
157535.58851290055,1,92,830.2278656303944,34.7415531428119,627.9450950706095,1201.4452715203408,17.931539667985813,285.0580721667689,75759.84149343475,793.318946026902,695.658352774225,3220.3911830014213,488.16036293204775,173.5229146239423,1,1,PortScan
840421.0579346856,69,1,105.46703778627267,28.55389798514907,746.5617038727546,1087.070232405071,23.137889720111012,214.82191070808562,1636.0248420452497,694.7026412682053,2317.9514966844868,85817.68609146393,394.4367303127846,265.31779118622813,0,0,BENIGN
642686.5679972601,2,95,1474.1557170278122,37.875417774984676,666.3761808613971,1070.2128215566072,26.5330343152667,118.85013445960577,27221.28624722934,5.787654707024096,138.2724603637579,43928.55542214715,151.36777859969573,450.831707338379,1,1,PortScan
358119.1067411748,8,75,895.6573712852432,30.926389991506266,143.18345622692436,1211.853956273209,24.40113253901256,785.4721902042012,65151.65104044497,716.1198955902437,1960.1365753576733,76888.50691635003,100.242295039212,328.26521809409303,0,0,BENIGN
107955.48768915914,72,40,1188.8305930102827,24.21700183520228,225.50080795148924,316.662654506185,34.65365743401562,591.1059459728332,21399.10784781881,615.1318565378141,4480.989349328096,15873.930444609761,444.2114031114449,140.75954623320862,1,1,BENIGN
590149.5412383524,33,80,416.18640296156053,1.2260236282892967,135.50353770474442,242.98987187483124,7.314969924718846,650.5669542928201,44005.23746116611,147.17128367115984,1011.9666996096137,29801.066468316618,646.4917942153837,182.22992396982173,0,0,BENIGN
555356.0261313288,49,68,956.3570301026527,15.804030120591573,47.39166509970773,1023.8785224617161,28.49550542250593,517.918239304599,34258.82873808238,529.6518935805545,3877.7054842730195,70065.16679866785,483.5209415376034,40.89955691372488,0,0,BENIGN
37076.5110396638,360,74,1270.8009580736455,7.006660955989514,727.2423944492601,683.6736623828132,28.949986105371735,658.7137252950994,50560.730864862024,7983.240583537573,9155.359172464832,23093.046758012966,235.2972590665498,180.81015700671855,1,0,DDoS
220145.70798338638,26,72,416.9763208241112,38.82564986999552,494.02999790600256,50.34624247317829,1.3651961628471154,152.08824341157845,18838.558466093797,767.6423609143139,2235.4311054053296,96914.47058878548,785.1677452113497,346.25875462675884,1,0,Web Attack
667847.7913626494,82,61,1436.4624019575915,5.025639084383857,113.40629500439871,1212.975426820868,34.64504236376681,483.6586798672691,36663.454720277005,652.6643731116162,3063.5840851986486,23846.185358425282,616.4855388610827,108.07691380318984,1,0,Infiltration
839800.0572138287,84,78,1217.2403032771435,14.190037437851068,657.1543812991849,1387.4569855876925,37.88143151348218,559.2303665205977,21215.527717129804,39.825180449354384,1480.5302793199562,96555.0363202156,586.7903795797572,427.4930074160288,1,1,Web Attack
2423.8363044621415,70,79,558.7272789360652,6.574335028097469,399.8283478390244,1105.965619336482,24.945610790839517,592.5599452601001,79196.89915480837,8821.213320255822,5206.460178402681,98642.34693697325,775.7190608238578,207.40856237942955,1,1,DDoS
